group_id,sentence_id,source_sentence,translator,human_translations,subject_pronouns,pronoun_labels,evaluation_score,opus-tatoeba-en-tr,m2m100-418M,NLLB200-3.3B,translategemma-4b,sentence_index,coreference,llama3.1-IT-8B,human_translations_has_onun,opus-tatoeba-en-tr_has_onun,m2m100-418M_has_onun,NLLB200-3.3B_has_onun,translategemma-4b_has_onun,llama3.1-IT-8B_has_onun,subject_pronouns_human_translations,pronoun_labels_human_translations,subject_pronouns_opus-tatoeba-en-tr,pronoun_labels_opus-tatoeba-en-tr,subject_pronouns_m2m100-418M,pronoun_labels_m2m100-418M,subject_pronouns_NLLB200-3.3B,pronoun_labels_NLLB200-3.3B,subject_pronouns_translategemma-4b,pronoun_labels_translategemma-4b,subject_pronouns_llama3.1-IT-8B,pronoun_labels_llama3.1-IT-8B,finetuned-llama3.1-IT-8B,subject_pronouns_finetuned-llama3.1-IT-8B,pronoun_labels_finetuned-llama3.1-IT-8B
1,1,Maria said that she would arrive early.,Translator2,Maria erken geleceğini söyledi,['she'],[0],5,Maria erken geleceğini söylemişti.,Meryem erken geldiğini söyledi.,Maria erken geleceğini söyledi.,"Maria, erken geleceğimi söyledim.",1,1,Maria erken gelecek.,FALSE,FALSE,FALSE,FALSE,FALSE,FALSE,-,"""0""",-,"""0""",-,"""0""",-,"""0""",-,"""0""",-,"""0""",Maria erken geleceğini söyledi.,-,"""0"""
1,2,Maria said that he would arrive early.,Translator2,Maria onun erken geleceğini söyledi.,['he'],[1],5,Maria erken geleceğini söylemişti.,Meryem erken geldiğini söyledi.,Maria onun erken geleceğini söyledi.,"Maria, erken geleceğini söyledi.",2,0,"Maria, erkenden geleceğini söyledi.",TRUE,FALSE,FALSE,TRUE,FALSE,FALSE,onun,"""1""",-,"""0""",-,"""0""",onun,"""1""",-,"""0""",-,"""0""",Maria erken geleceğini söyledi.,-,"""0"""
2,3,David believed that he could solve the problem.,Translator1,David sorunu çözebileceğine inandı.,['he'],[0],5,David sorunu çözebileceğine inanıyordu.,David bu sorunun çözülebileceğine inanıyordu.,David sorunu çözebileceğine inanıyordu.,"David, bu problemi çözebileceğine inanıyordu.",1,1,"David, problemi çözebileceğini düşündü.",FALSE,FALSE,FALSE,FALSE,FALSE,FALSE,-,"""0""",-,"""0""",-,"""0""",-,"""0""",-,"""0""",-,"""0""",David sorunu çözebileceğine inandı.,-,"""0"""
2,4,David believed that she could solve the problem.,Translator1,"David, onun sorunu çözebileceğine inandı.",['she'],[1],5,David onun sorunu çözebileceğine inanıyordu.,David bu sorunun çözülebileceğine inanıyordu.,"David, sorunu çözebileceğine inanıyordu.","David, bu sorunu çözebileceğine inanıyordu.",2,0,"David, onun problemi çözebileceğini düşünüyordu.",TRUE,TRUE,FALSE,FALSE,FALSE,TRUE,onun,"""1""",onun,"""1""",-,"""0""",-,"""0""",-,"""0""",onun,"""1""",David sorunu çözebileceğine inandı.,-,"""0"""
3,5,Anna hoped that she would win the prize.,Translator2,Anna ödülü kazanacağını umuyordu.,['she'],[0],5,Anna ödülü kazanmayı umuyordu.,Anna ödülü kazanacağını umuyordu.,Anna ödülü kazanmayı umuyordu.,"Anna, ödülü kazanacağını umuyordu.",1,1,"Anna, ödülü kazanacağı umudu içindeydi.",FALSE,FALSE,FALSE,FALSE,FALSE,FALSE,-,"""0""",-,"""0""",-,"""0""",-,"""0""",-,"""0""",-,"""0""",Anna ödülü kazanacağını umuyordu.,-,"""0"""
3,6,Anna hoped that he would win the prize.,Translator2,Anna onun ödülü kazanacağını umuyordu.,['he'],[1],5,Anna ödülü onun kazanmasını umuyordu.,Anna ödülü kazanacağını umuyordu.,Anna ödülü onun kazanacağını umuyordu.,"Anna, o'nun ödülü kazanacağını umuyordu.",2,0,"Anna, o ödülü kazanacağı umudu içindeydi.",TRUE,TRUE,FALSE,TRUE,TRUE,FALSE,onun,"""1""",onun,"""1""",-,"""0""",onun,"""1""",onun,"""1""",-,"""0""","Anna, ödülü kazanacağını umuyordu.",-,"""0"""
4,7,Olivia thought that she deserved another chance.,Translator2,Olivia başka bir şansı hak ettiğini düşündü.,['she'],[0],5,Olivia bir şansı daha hak ettiğini düşünüyordu.,Olivia başka bir fırsatı hak ettiğini düşündü.,"Olivia, bir şans daha hak ettiğini düşündü.","Olivia, kendisinin tekrar bir şans hak ettiğine inanıyordu.",1,1,"Olivia, başka bir fırsat kazanmaya layık olduğunu düşünüyordu.",FALSE,FALSE,FALSE,FALSE,FALSE,FALSE,-,"""0""",-,"""0""",-,"""0""",-,"""0""",-,"""0""",-,"""0""","Olivia, başka bir şansını hak ettiğini düşündü.",-,"""0"""
4,8,Olivia thought that he deserved another chance.,Translator2,Olivia onun başka bir şansı hak ettiğini düşündü.,['he'],[1],5,Olivia bir şansı daha hak ettiğini düşünüyordu.,Olivia bir şans daha hak ettiğini düşünüyordu.,Olivia onun bir şans daha hak ettiğini düşündü.,"Olivia, onun yeniden bir şansı hak ettiğini düşündü.",2,0,"Olivia, ona başka bir şansın olduğunu düşündü.",TRUE,FALSE,FALSE,TRUE,TRUE,FALSE,onun,"""1""",-,"""0""",-,"""0""",onun,"""1""",onun,"""1""",-,"""0""",Olivia onun başka bir şansını hak ettiğini düşündü.,onun,"""1"""
5,9,John assumed that he was invited to the meeting.,Translator2,John toplantıya davet edildiğini varsaydı.,['he'],[0],5,John ibadete davet edildiğini sandı.,"John, toplantıya davet edildiğini kabul etti.","John, toplantıya davet edildiğini sanmıştı.","John, toplantıya davet edildiğini düşündü.",1,1,"John, toplantıya davet edildiğini düşündü.",FALSE,FALSE,FALSE,FALSE,FALSE,FALSE,-,"""0""",-,"""0""",-,"""0""",-,"""0""",-,"""0""",-,"""0""","John, toplantıya davet edildiğini varsaydı.",-,"""0"""
5,10,John assumed that she was invited to the meeting.,Translator2,John onun toplantıya davet edildiğini varsaydı.,['she'],[1],5,John onun toplantıya davet edildiğini düşündü.,"John, toplantıya davet edildiğini kabul etti.","John, onun toplantıya davet edildiğini düşündü.","John, onun toplantıya davet edildiğini varsaydı.",2,0,"John, toplantıya davet edildiğine inandı.",TRUE,TRUE,FALSE,TRUE,TRUE,FALSE,onun,"""1""",onun,"""1""",-,"""0""",onun,"""1""",onun,"""1""",-,"""0""","John, toplantıya davet edildiğini sandı.",-,"""0"""
6,11,Emma mentioned that she had already finished her work.,Translator1,Emma işini çoktan bitirdiğini söyledi.,['she'],[0],5,Emma işini çoktan bitirdiğinden bahsetmişti.,Emma işini bitirdiğini söyledi.,Emma işinin zaten bittiğini söyledi.,"Emma, işini zaten bitirdiğini söyledi.",1,1,"Emma, işini zaten bitirdiğini söyledi.",FALSE,FALSE,FALSE,FALSE,FALSE,FALSE,-,"""0""",-,"""0""",-,"""0""",-,"""0""",-,"""0""",-,"""0""","Emma, işini daha önce bitirdiğini belirtti.",-,"""0"""
6,12,Emma mentioned that he had already finished his work.,Translator1,"Emma, onun işini çoktan bitirdiğini söyledi.",['he'],[1],5,Emma işini çoktan bitirdiğinden bahsetmişti.,Emma işini bitirdiğini söyledi.,Emma onun zaten işini bitirmiş olduğunu söyledi.,"Emma, onun zaten işini bitirdiğini söyledi.",2,0,"Emma, işini zaten bitirdiğini söyledi.",TRUE,FALSE,FALSE,TRUE,TRUE,FALSE,onun,"""1""",-,"""0""",-,"""0""",onun,"""1""",onun,"""1""",-,"""0""","Emma, onun işi zaten bitirdiğini belirtti.",onun,"""1"""
7,13,Peter realized that he had made a mistake.,Translator1,Peter bir hata yaptığını farketti.,['he'],[0],5,Petrus bir hata yaptığını fark etti.,Peter bir hata yaptığını fark etti.,Petrus hatasını fark etti.,"Peter, bir hata yaptığını fark etti.",1,1,"Peter, yaptığı hata olduğunu fark etti.",FALSE,FALSE,FALSE,FALSE,FALSE,FALSE,-,"""0""",-,"""0""",-,"""0""",-,"""0""",-,"""0""",-,"""0""",Peter bir hata yaptığını anladı.,-,"""0"""
7,14,Peter realized that she had made a mistake.,Translator1,"Peter, onun bir hata yaptığını farketti.",['she'],[1],5,Petrus onun bir hata yaptığını fark etti.,Peter bir hata yaptığını fark etti.,Peter kadının hatalı olduğunu fark etti.,"Peter, onun bir hata yaptığını fark etti.",2,0,"Peter, bir hata yaptığını fark etti.",TRUE,TRUE,FALSE,FALSE,TRUE,FALSE,onun,"""1""",onun,"""1""",-,"""0""",-,"""0""",onun,"""1""",-,"""0""",Peter onun bir hata yaptığını anladı.,onun,"""1"""
8,15,Sarah claimed that she had called earlier.,Translator1,Sarah daha önce aradığını söyledi.,['she'],[0],5,Sarah daha önce aradığını iddia etti.,Sarah daha önce aradığını söyledi.,Sarah daha önce aradığını iddia etti.,"Sarah, daha önce aradığını söyledi.",1,1,"Sarah, daha önce aradığını söyledi.",FALSE,FALSE,FALSE,FALSE,FALSE,FALSE,-,"""0""",-,"""0""",-,"""0""",-,"""0""",-,"""0""",-,"""0""",Sarah daha önce aradığını iddia etti.,-,"""0"""
8,16,Sarah claimed that he had called earlier.,Translator1,"Sarah, onun daha önce aradığını söyledi.",['he'],[1],5,Sarah daha önce aradığını iddia etti.,Sarah daha önce aradığını söyledi.,"Sarah, daha önce aradığını iddia etti.","Sarah, onun daha önce aradığını söyledi.",2,0,"Sarah, daha önce aradığını söyledi.",TRUE,FALSE,FALSE,FALSE,TRUE,FALSE,onun,"""1""",-,"""0""",-,"""0""",-,"""0""",onun,"""1""",-,"""0""",Sarah daha önce aradığını iddia etti.,-,"""0"""
9,17,Michael imagined that he was walking along the beach.,Translator1,Michael sahilde yürüdüğünü hayal etti.,['he'],[0],5,Michael sahil boyunca yürüdüğünü hayal ediyordu.,"Michael, sahil boyunca yürüdüğünü hayal etti.",Michael sahilde yürürken hayal etti.,"Michael, sahilde yürüyüş yaptığını hayal etti.",1,1,"Mikael, kumsalda yürüdüğünü hayal etti.",FALSE,FALSE,FALSE,FALSE,FALSE,FALSE,-,"""0""",-,"""0""",-,"""0""",-,"""0""",-,"""0""",-,"""0""","Michael, onun sahilde yürüdüğünü hayal etti.",onun,"""1"""
9,18,Michael imagined that she was walking along the beach.,Translator1,"Michael, onun sahilde yürüdüğünü hayal etti.",['she'],[1],5,Michael onun sahilde yürüdüğünü hayal etti.,"Michael, sahil boyunca yürüdüğünü hayal etti.",Michael onun sahilde yürüyüş yaptığını hayal etti.,"Michael, onun sahilde yürüyüş yaptığı hayalini kurdu.",2,0,"Mihail, onun sahilde yürüdüğünü hayal ediyordu.",TRUE,TRUE,FALSE,TRUE,TRUE,TRUE,onun,"""1""",onun,"""1""",-,"""0""",onun,"""1""",onun,"""1""",onun,"""1""",Michael onun sahilde yürüdüğünü hayal etti.,onun,"""1"""
10,19,Laura noticed that she was being watched.,Translator1,Laura gözetlendiğini farketti.,['she'],[0],5,Laura izlendiğini fark etti.,Laura onu gözlemlediğini fark etti.,Laura izlendiğini fark etti.,"Laura, kendisinin izlendiğini fark etti.",1,1,"Laura, kendisinin izleniyor olduğundan fark etti.",FALSE,FALSE,FALSE,FALSE,FALSE,FALSE,-,"""0""",-,"""0""",-,"""0""",-,"""0""",-,"""0""",-,"""0""",Laura izlendiğini fark etti.,-,"""0"""
10,20,Laura noticed that he was being watched.,Translator1,"Laura, onun gözetlendiğini farketti.",['he'],[1],5,Laura izlendiğini fark etti.,Laura onu gözlemlediğini fark etti.,Laura onun izlendiğini fark etti.,"Laura, onun izlendiğini fark etti.",2,0,"Laura, onun izleniyor olduğunu fark etti.",TRUE,FALSE,FALSE,TRUE,TRUE,TRUE,onun,"""1""",-,"""0""",-,"""0""",onun,"""1""",onun,"""1""",onun,"""1""",Laura onun izlendiğini fark etti.,onun,"""1"""
11,21,Lisa knew what she wanted to order.,Translator2,Lisa ne sipariş etmek istediğini biliyordu.,['she'],[0],5,Lisa ne sipariş etmek istediğini biliyordu.,Lisa ne sipariş etmek istediğini biliyordu.,Lisa ne sipariş etmek istediğini biliyordu.,"Lisa, ne sipariş etmek istediğini biliyordu.",1,1,Lisa ne sipariş etmek istiyordu bunu biliyordu.,FALSE,FALSE,FALSE,FALSE,FALSE,FALSE,-,"""0""",-,"""0""",-,"""0""",-,"""0""",-,"""0""",-,"""0""",Lisa ne sipariş etmek istediğini biliyordu.,-,"""0"""
11,22,Lisa knew what he wanted to order.,Translator2,Lisa onun ne sipariş etmek istediğini biliyordu.,['he'],[1],5,Lisa ne sipariş etmek istediğini biliyordu.,Lisa ne sipariş etmek istediğini biliyordu.,Lisa ne sipariş etmek istediğini biliyordu.,"Lisa, o'nun sipariş etmek istediğini biliyordu.",2,0,Lisa ne siparışını istediğini biliyordu.,TRUE,FALSE,FALSE,FALSE,TRUE,FALSE,onun,"""1""",-,"""0""",-,"""0""",-,"""0""",o'nun,"""1""",-,"""0""",Lisa onun ne sipariş etmek istediğini biliyordu.,onun,"""1"""
12,23,Tom remembered what he said yesterday.,Translator1,Tom dün ne söylediğini hatırladı.,['he'],[0],5,Tom dün ne dediğini hatırladı.,Tom dün söylediğini hatırlıyordu.,Tom dün ne söylediğini hatırladı.,"Tom, dün söylediğini hatırladı.",1,1,Dün söylediğini hatırladı Tom.,FALSE,FALSE,FALSE,FALSE,FALSE,FALSE,-,"""0""",-,"""0""",-,"""0""",-,"""0""",-,"""0""",-,"""0""",Tom dün ne dediğini hatırladı.,-,"""0"""
12,24,Tom remembered what she said yesterday.,Translator1,"Tom, onun dün ne söylediğini hatırladı.",['she'],[1],5,Tom dün ne dediğini hatırladı.,Tom dün söylediğini hatırlıyordu.,Tom dün ne dediğini hatırladı.,"Tom, dün söylediğini hatırladı.",2,0,Dün söylediğini hatırladı Tom.,TRUE,FALSE,FALSE,FALSE,FALSE,FALSE,onun,"""1""",-,"""0""",-,"""0""",-,"""0""",-,"""0""",-,"""0""",Tom dün ne söylediğini hatırladı.,-,"""0"""
13,25,Claire discovered what she had been missing.,Translator2,Claire neyi kaçırdığını fark etti.,['she'],[0],5,Claire ne kaçırdığını keşfetti.,Claire ne eksik olduğunu keşfetti.,"Claire, kaçırdığı şeyi keşfetti.","Claire, eksik olduğunu fark etti.",1,1,Claire ne eksik gördüğünü keşfetti.,FALSE,FALSE,FALSE,FALSE,FALSE,FALSE,-,"""0""",-,"""0""",-,"""0""",-,"""0""",-,"""0""",-,"""0""",Claire ne kaçırdığını keşfetti.,-,"""0"""
13,26,Claire discovered what he had been missing.,Translator2,"Claire, onun neyi kaçırdığını fark etti.",['he'],[1],5,Claire ne kaçırdığını keşfetti.,Claire ne eksik olduğunu keşfetti.,Claire onun kaçırdığı şeyi keşfetti.,"Claire, onun eksik olan şeyi keşfetti.",2,0,Claire ne eksik olduğunu keşfetti.,TRUE,FALSE,FALSE,TRUE,TRUE,FALSE,onun,"""1""",-,"""0""",-,"""0""",onun,"""1""",onun,"""1""",-,"""0""",Claire onun kaçırdığını keşfetti.,onun,"""1"""
14,27,Daniel forgot what he needed to bring.,Translator2,Daniel neyi getirmesi gerektiğini unuttu.,['he'],[0],5,Daniel ne getirmesi gerektiğini unuttu.,Daniel ne getirmesi gerektiğini unuttu.,Daniel ne getirmesi gerektiğini unuttu.,"Daniel, getirmesi gereken şeyi unuttu.",1,1,Daniel ne getirmesi gerektiğini unuttu.,FALSE,FALSE,FALSE,FALSE,FALSE,FALSE,-,"""0""",-,"""0""",-,"""0""",-,"""0""",-,"""0""",-,"""0""",Daniel ne getirmem gerektiğini unuttu.,-,"""0"""
14,28,Daniel forgot what she needed to bring.,Translator2,Daniel onun neyi getirmesi gerektiğini unuttu.,['she'],[1],5,Daniel ne getirmesi gerektiğini unuttu.,Daniel ne getirmesi gerektiğini unutmuştu.,Daniel ne getirmesi gerektiğini unutmuş.,"Daniel, getirdiği şeyi unuttu.",2,0,Daniel ne getirmesi gerektiğini unuttu.,TRUE,FALSE,FALSE,FALSE,FALSE,FALSE,onun,"""1""",-,"""0""",-,"""0""",-,"""0""",-,"""0""",-,"""0""",Daniel ne getirmesini unuttu.,-,"""0"""
15,29,Rebecca found what she was looking for.,Translator1,Rebecca aradığı şeyi buldu.,['she'],[0],5,Rebecca aradığını buldu.,Rebecca aradığı şeyi buldu.,Rebecca aradığını buldu.,"Rebecca, aradığı şeyi buldu.",1,1,Rebecca ne aradığını buldu.,FALSE,FALSE,FALSE,FALSE,FALSE,FALSE,-,"""0""",-,"""0""",-,"""0""",-,"""0""",-,"""0""",-,"""0""",Rebecca aradığını buldu.,-,"""0"""
15,30,Rebecca found what he was looking for.,Translator1,"Rebecca, onun aradığı şeyi buldu.",['he'],[1],5,Rebecca aradığını buldu.,Rebecca aradığı şeyi buldu.,Rebecca aradığını buldu.,"Rebecca, aradığı şeyi buldu.",2,0,Rebecca ne aradığını buldu.,TRUE,FALSE,FALSE,FALSE,FALSE,FALSE,onun,"""1""",-,"""0""",-,"""0""",-,"""0""",-,"""0""",-,"""0""",Rebecca onun aradığını buldu.,onun,"""1"""
16,31,Marcus explained what he meant by that.,Translator1,Marcus ne demek istediğini açıkladı.,['he'],[0],5,Marcus bununla ne demek istediğini açıkladı.,Marcus bunun ne anlama geldiğini anlattı.,Marcus bununla ne demek istediğini açıkladı.,"Marcus, o sözleriyle ne demek istediğini açıkladı.",1,1,Marcus o şeyi ne kastettiğini açıkladı.,FALSE,FALSE,FALSE,FALSE,FALSE,FALSE,-,"""0""",-,"""0""",-,"""0""",-,"""0""",-,"""0""",-,"""0""",Marcus onunla ne demek istediğini açıkladı.,-,"""0"""
16,32,Marcus explained what she meant by that.,Translator1,"Marcus, onun ne demek istediğini açıkladı.",['she'],[1],5,Marcus bununla ne demek istediğini açıkladı.,Marcus bunun ne anlama geldiğini anlattı.,"Marcus, onun ne demek istediğini açıkladı.","Marcus, o sözleriyle ne demek istediğini açıkladı.",2,0,"Marcus, o tarafından ne demek istediğini açıkladı.",TRUE,FALSE,FALSE,TRUE,FALSE,FALSE,onun,"""1""",-,"""0""",-,"""0""",onun,"""1""",-,"""0""",-,"""0""",Marcus onun bunu kastettiğini açıkladı.,onun,"""1"""
17,33,Olivia asked what she should do next.,Translator1,Olivia şimdi ne yapması gerektiğini sordu.,['she'],[0],5,Olivia bundan sonra ne yapması gerektiğini sordu.,Olivia bir sonraki ne yapması gerektiğini sordu.,"Olivia, bundan sonra ne yapması gerektiğini sordu.","Olivia, bir sonraki adımı ne yapması gerektiğini sordu.",1,1,"Olivia, ne yapması gerektiğini sordu.",FALSE,FALSE,FALSE,FALSE,FALSE,FALSE,-,"""0""",-,"""0""",-,"""0""",-,"""0""",-,"""0""",-,"""0""",Olivia daha sonra ne yapması gerektiğini sordu.,-,"""0"""
17,34,Olivia asked what he should do next.,Translator1,"Olivia, onun şimdi ne yapması gerektiğini sordu.",['he'],[1],5,Olivia bundan sonra ne yapması gerektiğini sordu.,Olivia daha sonra ne yapması gerektiğini sordu.,"Olivia, bundan sonra ne yapması gerektiğini sordu.","Olivia, bir sonraki adımını ne yapması gerektiğini sordu.",2,0,Olivia ne yapması gerektiğini sordu.,TRUE,FALSE,FALSE,FALSE,FALSE,FALSE,onun,"""1""",-,"""0""",-,"""0""",-,"""0""",-,"""0""",-,"""0""",Olivia daha sonra ne yapması gerektiğini sordu.,-,"""0"""
18,35,Daniel predicted what he would achieve by the end of the year.,Translator2,Daniel yıl sonuna kadar neler başaracağını tahmin etti.,['he'],[0],5,Daniel yıl sonuna kadar neler başaracağını tahmin etti.,"Daniel, yılın sonuna kadar ne elde edeceğini tahmin etti.",Daniel yılın sonuna kadar ne yapacağını önceden bildirdi.,"Daniel, yılın sonunda neler başaracağını tahmin etti.",1,1,Daniel yılın sonuna kadar ne başaracağına dair bir tahminde bulundu.,FALSE,FALSE,FALSE,FALSE,FALSE,FALSE,-,"""0""",-,"""0""",-,"""0""",-,"""0""",-,"""0""",-,"""0""",Daniel yıl sonuna kadar ne başaracağını tahmin etti.,-,"""0"""
18,36,Daniel predicted what she would achieve by the end of the year.,Translator2,Daniel onun yıl sonuna kadar neler başaracağını tahmin etti.,['she'],[1],5,Daniel yıl sonuna kadar neler başaracağını tahmin etti.,"Daniel, yılın sonuna kadar ne elde edeceğini tahmin etti.","Daniel, yılın sonuna kadar ne yapacağını önceden bildirdi.","Daniel, yılın sonunda o ne başaracağını tahmin etti.",2,0,Daniel yıl sonuna kadar ne kadar yapacağından emin oldu.,TRUE,FALSE,FALSE,FALSE,FALSE,FALSE,onun,"""1""",-,"""0""",-,"""0""",-,"""0""",-,"""0""",-,"""0""",Daniel yıl sonuna kadar ne başaracağını tahmin etti.,-,"""0"""
19,37,Laura described what she had seen at the museum.,Translator1,Laura müzede gördüklerini tarif etti.,['she'],[0],5,Laura müzede gördüklerini anlattı.,Laura müzede gördüğü şeyleri anlattı.,Laura müzede gördüklerini anlattı.,"Laura, müzede gördüklerini anlattı.",1,1,Müzede gördüklerini Laura açıkladı.,FALSE,FALSE,FALSE,FALSE,FALSE,FALSE,-,"""0""",-,"""0""",-,"""0""",-,"""0""",-,"""0""",-,"""0""","Laura, müzede gördüklerini tanımladı.",-,"""0"""
19,38,Laura described what he had seen at the museum.,Translator1,"Laura, onun müzede gördüklerini tarif etti.",['he'],[1],5,Laura müzede gördüklerini anlattı.,Laura müzede gördüğü şeyleri anlattı.,Laura müzede gördüklerini anlattı.,"Laura, müzede gördüklerini anlattı.",2,0,Müzede gördüklerini Laura anlattı.,TRUE,FALSE,FALSE,FALSE,FALSE,FALSE,onun,"""1""",-,"""0""",-,"""0""",-,"""0""",-,"""0""",-,"""0""","Laura, müzede ne gördüğünü anlatarak başladı.",-,"""0"""
20,39,Brian understood what he had done wrong.,Translator1,Brian neyi yanlış yaptığını anladı.,['he'],[0],5,Brian neyi yanlış yaptığını anladı.,Brian ne yaptığını yanlış anladı.,Brian neyi yanlış yaptığını anladı.,"Brian, ne yaptığını yanlış anladığını anladı.",1,1,Brian ne yaptığının farkına vardı.,FALSE,FALSE,FALSE,FALSE,FALSE,FALSE,-,"""0""",-,"""0""",-,"""0""",-,"""0""",-,"""0""",-,"""0""",Brian neyi yanlış yaptığını anladı.,-,"""0"""
20,40,Brian understood what she had done wrong.,Translator1,"Brian, onun neyi yanlış yaptığını anladı.",['she'],[1],5,Brian neyi yanlış yaptığını anladı.,Brian ne yaptığını yanlış anladı.,Brian neyi yanlış yaptığını anladı.,"Brian, ne yaptığını yanlış anladı.",2,0,Brian ne yaptığını anladı.,TRUE,FALSE,FALSE,FALSE,FALSE,FALSE,onun,"""1""",-,"""0""",-,"""0""",-,"""0""",-,"""0""",-,"""0""",Brian onun neyi yanlış yaptığını anladı.,onun,"""1"""
21,41,Sophie asked whether she could attend the event.,Translator1,Sophie etkinliğe katılıp katılamayacağını sordu.,['she'],[0],5,Sophie davete katılıp katılamayacağını sordu.,"Sophie, etkinliğe katılabilir mi diye sordu.","Sophie, bu etkinliğe katılabileceğini sordu.","Sophie, etkinliğe katılabileceğini sordu.",1,1,"Sophie, etkinliğe katılabilir miyim diye sordu.",FALSE,FALSE,FALSE,FALSE,FALSE,FALSE,-,"""0""",-,"""0""",-,"""0""",-,"""0""",-,"""0""",-,"""0""","Sophie, etkinliğe katılıp katılamayacağını sordu.",-,"""0"""
21,42,Sophie asked whether he could attend the event.,Translator1,"Sophie, onun etkinliğe katılıp katılamayacağını sordu.",['he'],[1],5,Sophie davete katılıp katılamayacağını sordu.,"Sophie, etkinliğe katılabilir mi diye sordu.","Sophie, bu etkinliğe katılabileceğini sordu.","Sophie, etkinliğe katılabileceğini sordu.",2,0,"Sophie, o etkinliğe katılabilir miydi diye sordu.",TRUE,FALSE,FALSE,FALSE,FALSE,FALSE,onun,"""1""",-,"""0""",-,"""0""",-,"""0""",-,"""0""",-,"""0""","Sophie, etkinliğe katılıp katılamayacağını sordu.",-,"""0"""
22,43,Alex wondered whether he should apologize.,Translator2,Alex özür dilemesi gerekip gerekmediğini düşündü.,['he'],[0],5,Alex özür dilemeli mi diye merak etti.,"Alex, özür dilemesi gerektiğini merak ediyordu.",Alex özür dilemesi gerektiğini düşünüyordu.,"Alex, özür dileyip dilememesi konusunda düşündü.",1,1,Alex özür dilemesi gerektiğini düşünüyordu.,FALSE,FALSE,FALSE,FALSE,FALSE,FALSE,-,"""0""",-,"""0""",-,"""0""",-,"""0""",-,"""0""",-,"""0""",Alex özür dilememin gerekli olup olmadığını merak etti.,-,"""0"""
22,44,Alex wondered whether she should apologize.,Translator2,Alex onun özür dilemesi gerekip gerekmediğini düşündü.,['she'],[1],5,Alex özür dilemeli mi diye merak etti.,"Alex, özür dilemesi gerektiğini merak ediyordu.",Alex özür dilemesi gerektiğini düşünüyordu.,"Alex, özür dileyip dilemeyeceği konusunda merak etti.",2,0,Alex özür dilemesi gerektiğini mi düşündü?,TRUE,FALSE,FALSE,FALSE,FALSE,FALSE,onun,"""1""",-,"""0""",-,"""0""",-,"""0""",-,"""0""",-,"""0""",Alex özür dilememin gerekli olup olmadığını merak etti.,-,"""0"""
23,45,Henry assessed whether he could afford to travel abroad.,Translator1,Henry yurt dışına çıkmayı karşılayıp karşılayamayacağını değerlendirdi.,['he'],[0],5,Henry yurtdışına seyahat edip edemeyeceğini değerlendirdi.,"Henry, yurtdışına seyahat etme hakkına sahip olup olmadığını değerlendirdi.",Henry yurtdışına seyahat etmeyi göze alabilir mi diye değerlendirdi.,"Henry, yurtdışına seyahat etme maliyetini karşılayıp karşılayamayacağını değerlendirdi.",1,1,"Henry, yurtdışına seyahat edebilecek mi olduğunu değerlendirdi.",FALSE,FALSE,FALSE,FALSE,FALSE,FALSE,-,"""0""",-,"""0""",-,"""0""",-,"""0""",-,"""0""",-,"""0""",Henry yurt dışına seyahat etmeye gücün olup olmadığını değerlandırdı.,-,"""0"""
23,46,Henry assessed whether she could afford to travel abroad.,Translator1,"Henry, onun yurt dışına çıkmayı karşılayıp karşılayamayacağını değerlendirdi.",['she'],[1],5,Henry yurtdışına seyahat edip edemeyeceğini değerlendirdi.,"Henry, yurtdışına seyahat etme hakkına sahip olup olmadığını değerlendirdi.","Henry, yurtdışına seyahat etmeyi göze alabilir mi diye değerlendirdi.","Henry, yurt dışına seyahat etme maliyetinin karşılanabilir olup olmadığını değerlendirdi.",2,0,"Henry, whether she could afford to travel abroad olup olmadığını değerlendirdi.",TRUE,FALSE,FALSE,FALSE,FALSE,FALSE,onun,"""1""",-,"""0""",-,"""0""",-,"""0""",-,"""0""",-,"""0""","Henry, yurtdışına seyahat etmek için parasının yetip yetmeyeceğini değerlandırdı.",-,"""0"""
24,47,Jack questioned whether he had locked the door.,Translator2,Jack kapıyı kilitleyip kilitlemediğini sorguladı.,['he'],[0],5,Jack kapıyı kilitleyip kilitlemediğini sordu.,Jack kapıyı kilitledi mi diye sordu.,"Jack, kapıyı kilitleyip kilitlemediğini sordu.","Jack, kapıyı kilitli bırakıp bırakmadığını sorguladı.",1,1,Jack kapıyı kilitliyormuş gibi kilitledi mi diye sordu.,FALSE,FALSE,FALSE,FALSE,FALSE,FALSE,-,"""0""",-,"""0""",-,"""0""",-,"""0""",-,"""0""",-,"""0""",Kapıya kilidi olup olmadığını Jack sordu.,-,"""0"""
24,48,Jack questioned whether she had locked the door.,Translator2,Jack onun kapıyı kilitleyip kilitlemediğini sorguladı.,['she'],[1],5,Jack kapıyı kilitleyip kilitlemediğini sordu.,Jack kapıyı kilitledi mi diye sordu.,"Jack, kapıyı kilitleyip kilitlemediğini sordu.","Jack, kapıyı kilitlediğinden şüphe etti.",2,0,"Jack, kapıyı kilitliyormuş gibi sorular sordu.",TRUE,FALSE,FALSE,FALSE,FALSE,FALSE,onun,"""1""",-,"""0""",-,"""0""",-,"""0""",-,"""0""",-,"""0""","Jack, kapının kilitli olup olmadığını sordu.",-,"""0"""
25,49,Emily debated whether she should tell the truth.,Translator2,Emily gerçeği söyleyip söylememesi gerektiğini uzun uzun düşündü.,['she'],[0],5,Emily doğruyu söyleyip söylememesi gerektiğini tartıştı.,"Emily, gerçeği söyleyecek olup olmadığını tartıştı.",Emily gerçeği söyleyip söylememesi konusunda tartıştı.,"Emily, gerçeği söyleyip söylememesi konusunda tartıştı.",1,1,"Emily, doğruyu söylemesi gerekip gerekmediği konusunda düşünüyordu.",FALSE,FALSE,FALSE,FALSE,FALSE,FALSE,-,"""0""",-,"""0""",-,"""0""",-,"""0""",-,"""0""",-,"""0""",Emily gerçeği söylememin gerekip gerekmediğini düşündü.,-,"""0"""
25,50,Emily debated whether he should tell the truth.,Translator2,Emily onun gerçeği söyleyip söylememesi gerektiğini uzun uzun düşündü.,['he'],[1],5,Emily doğruyu söyleyip söylememesi gerektiğini tartıştı.,"Emily, gerçeği söyleyecek olup olmadığını tartıştı.",Emily onun gerçeği söyleyip söylememesi konusunda tartıştı.,"Emily, bunun doğru olup olmadığını söyleyip söylememesi konusunda tartıştığını söyledi.",2,0,"Emily, ona gerçeği söylemesi gerektiğini düşünüyordu.",TRUE,FALSE,FALSE,TRUE,FALSE,FALSE,onun,"""1""",-,"""0""",-,"""0""",onun,"""1""",-,"""0""",-,"""0""",Emily gerçeği söylememin gerekip gerekmediğini tartıştı.,-,"""0"""
26,51,Ryan discovered whether he was eligible for the prize.,Translator2,Ryan ödüle uygun olup olmadığını öğrendi.,['he'],[0],5,Ryan ödül için uygun olup olmadığını keşfetti.,"Ryan, ödül için uygun olup olmadığını keşfetti.",Ryan ödül için uygun olup olmadığını keşfetti.,"Ryan, ödül için uygun olup olmadığını belirledi.",1,1,Ryan ödülü için uygun mudu onu keşfetti.,FALSE,FALSE,FALSE,FALSE,FALSE,FALSE,-,"""0""",-,"""0""",-,"""0""",-,"""0""",-,"""0""",-,"""0""","Ryan, ödül için uygun olup olmadığını keşfetti.",-,"""0"""
26,52,Ryan discovered whether she was eligible for the prize.,Translator2,Ryan onun ödüle uygun olup olmadığını öğrendi.,['she'],[1],5,Ryan onun ödül için uygun olup olmadığını keşfetti.,"Ryan, ödül için uygun olup olmadığını keşfetti.",Ryan ödül için uygun olup olmadığını öğrendi.,"Ryan, o ödül için uygun olup olmadığını belirledi.",2,0,"Ryan, ödülü için uygun olup olmadığını keşfetti.",TRUE,TRUE,FALSE,FALSE,FALSE,FALSE,onun,"""1""",onun,"""1""",-,"""0""",-,"""0""",-,"""0""",-,"""0""","Ryan, onun ödül için uygun olup olmadığını keşfetti.",onun,"""1"""
27,53,Natalie considered whether she was ready to move abroad.,Translator2,Natalie yurt dışına taşınmaya hazır olup olmadığını düşündü.,['she'],[0],5,Natalie yurtdışına taşınmaya hazır olup olmadığını düşündü.,Natalie yurtdışına gitmeye hazır olup olmadığını merak etti.,Natalie başka bir ülkeye taşınmaya hazır olup olmadığını düşünmeye başladı.,"Natalie, yurt dışında yaşamaya hazır olup olmadığını düşündü.",1,1,"Natalie, yurt dışına taşınmaya hazır olup olmadığını düşündü.",FALSE,FALSE,FALSE,FALSE,FALSE,FALSE,-,"""0""",-,"""0""",-,"""0""",-,"""0""",-,"""0""",-,"""0""",Natalie yurt dışına taşınmaya hazır olup olmadığını düşündü.,-,"""0"""
27,54,Natalie considered whether he was ready to move abroad.,Translator2,Natalie onun yurt dışına taşınmaya hazır olup olmadığını düşündü.,['he'],[1],5,Natalie yurtdışına taşınmaya hazır olup olmadığını düşündü.,Natalie yurtdışına gitmeye hazır olup olmadığını merak etti.,"Natalie, kocasının başka bir ülkeye taşınmaya hazır olup olmadığını düşünmeye başladı.","Natalie, onun yurt dışında yaşama hazırlıklı olup olmadığını düşündü.",2,0,"Natalie, yurtdışına taşınma konusunda hazır olup olmadığını düşünüyordu.",TRUE,FALSE,FALSE,FALSE,TRUE,FALSE,onun,"""1""",-,"""0""",-,"""0""",-,"""0""",onun,"""1""",-,"""0""","Natalie, onun yurt dışına taşınmaya hazır olup olmadığını düşündü.",onun,"""1"""
28,55,George asked whether he could borrow the book.,Translator2,George kitabı ödünç alıp alamayacağını sordu.,['he'],[0],5,George kitabı ödünç alıp alamayacağını sordu.,"George, kitabı ödünç alabilir mi diye sordu.",George kitabı ödünç alabilir mi diye sordu.,"George, kitabın ödünç alıp alamayacağını sordu.",1,1,"George, kitabını ödünç alabilir miyim diye sordu.",FALSE,FALSE,FALSE,FALSE,FALSE,FALSE,-,"""0""",-,"""0""",-,"""0""",-,"""0""",-,"""0""",-,"""0""",George kitabı ödünç alabilip alamayacağını sordu.,-,"""0"""
28,56,George asked whether she could borrow the book.,Translator2,George onun  kitabı ödünç alıp alamayacağını sordu.,['she'],[1],5,George kitabı ödünç alıp alamayacağını sordu.,"George, kitabı ödünç alabilir mi diye sordu.","George, kitabı ödünç alabilir mi diye sordu.","George, kitabın ödünç alıp alamayacağını sordu.",2,0,"George, kitabını ödünç alabilir miyim diye sordu.",TRUE,FALSE,FALSE,FALSE,FALSE,FALSE,onun,"""1""",-,"""0""",-,"""0""",-,"""0""",-,"""0""",-,"""0""",George kitabı ödünç alabilip alamayacağını sordu.,-,"""0"""
29,57,Chloe checked whether she had completed all tasks.,Translator1,Chloe bütün görevleri yapıp yapmadığını kontrol etti.,['she'],[0],5,Chloe tüm görevleri tamamlayıp tamamlamadığını kontrol etti.,Chloe tüm görevleri tamamlamış olup olmadığını kontrol etti.,Chloe tüm görevleri tamamladığını kontrol etti.,"Şloh, tüm görevleri tamamlayıp tamamlamadığını kontrol etti.",1,1,Chloë tüm görevleri tamamlamış mı diye kontrol etti.,FALSE,FALSE,FALSE,FALSE,FALSE,FALSE,-,"""0""",-,"""0""",-,"""0""",-,"""0""",-,"""0""",-,"""0""",Chloe bütün görevleri tamamlanıp tamamlanmadığını kontrol etti.,-,"""0"""
29,58,Chloe checked whether he had completed all tasks.,Translator1,"Chloe, onun bütün görevleri yapıp yapmadığını kontrol etti.",['he'],[1],5,Chloe tüm görevleri tamamlayıp tamamlamadığını kontrol etti.,Chloe tüm görevleri tamamlamış olup olmadığını kontrol etti.,Chloe tüm görevleri tamamladığını kontrol etti.,"Chloe, görevlerinin tamamlanıp tamamlanmadığını kontrol etti.",2,0,Chloë tüm görevleri tamamlamış mı diye kontrol etti.,TRUE,FALSE,FALSE,FALSE,FALSE,FALSE,onun,"""1""",-,"""0""",-,"""0""",-,"""0""",-,"""0""",-,"""0""",Chloe bütün görevlerin tamamını olup olmadığını kontrol etti.,-,"""0"""
30,59,Adam didn’t know whether he had passed the test.,Translator1,Adam sınavı geçip geçmediğini bilmiyordu.,['he'],[0],5,Âdem testi geçip geçmediğini bilmiyordu.,Adam sınavı geçip geçmediğini bilmiyordu.,Adam sınavı geçip geçmediğini bilmiyordu.,"Adam, sınavı geçtiğinden emin değildi.",1,1,Adam sınavı geçip geçmediğini bilmiyordu.,FALSE,FALSE,FALSE,FALSE,FALSE,FALSE,-,"""0""",-,"""0""",-,"""0""",-,"""0""",-,"""0""",-,"""0""",Adam sınavı geçip geçmediğini bilmiyordu.,-,"""0"""
30,60,Adam didn’t know whether she had passed the test.,Translator1,"Adam, onun sınavı geçip geçmediğini bilmiyordu.",['she'],[1],5,Âdem testi geçip geçmediğini bilmiyordu.,Adam sınavı geçip geçmediğini bilmiyordu.,"Adam, onun testi geçip geçmediğini bilmiyordu.","Adam, o sınavı geçtiğinden emin değildi.",2,0,Adam testi geçip geçmediğini bilmiyordu.,TRUE,FALSE,FALSE,TRUE,FALSE,FALSE,onun,"""1""",-,"""0""",-,"""0""",onun,"""1""",-,"""0""",-,"""0""",Adam testi geçip geçmediğini bilmiyordu.,-,"""0"""
31,61,Alex wondered if he would succeed.,Translator1,Alex başarılı olup olmayacağını merak etti.,['he'],[0],5,Alex başarılı olup olmayacağını merak ediyordu.,Alex başarılı olup olmadığını merak ediyordu.,Alex başarabilecek mi diye merak etti.,"Alex, başarılı olup olmayacağını merak etti.",1,1,Alex başarılı olup olmayacağından şüpheleniyordu.,FALSE,FALSE,FALSE,FALSE,FALSE,FALSE,-,"""0""",-,"""0""",-,"""0""",-,"""0""",-,"""0""",-,"""0""",Alex başarabilip başaramayacağını merak etti.,-,"""0"""
31,62,Alex wondered if she would succeed.,Translator1,"Alex, onun başarılı olup olmayacağını merak etti.",['she'],[1],5,Alex başarılı olup olmayacağını merak ediyordu.,Alex başarılı olup olmadığını merak ediyordu.,Alex başarabilecek mi diye merak etti.,"Alex, başarılı olup olmayacağını merak etti.",2,0,Alex başarılı olacağını umdu.,TRUE,FALSE,FALSE,FALSE,FALSE,FALSE,onun,"""1""",-,"""0""",-,"""0""",-,"""0""",-,"""0""",-,"""0""",Alex başaracağını merak etti.,-,"""0"""
32,63,Maria asked if she should wait longer.,Translator2,Maria biraz daha bekleyip beklememesi gerektiğini sordu.,['she'],[0],5,Maria biraz daha beklemesini istedi.,Meryem daha uzun süre beklemeli mi diye sordu.,Maria daha fazla beklemek zorunda olup olmadığını sordu.,"Maria, daha uzun süre bekleyip beklemem gerektiği konusunda sordu.",1,1,Maria beklemesi daha uzun süre mi gerektiğini sordu.,FALSE,FALSE,FALSE,FALSE,FALSE,FALSE,-,"""0""",-,"""0""",-,"""0""",-,"""0""",-,"""0""",-,"""0""",Maria daha fazla beklemem gerekip gerekmediğini sordu.,-,"""0"""
32,64,Maria asked if he should wait longer.,Translator2,Maria onun biraz daha bekleyip beklememesi gerektiğini sordu.,['he'],[1],5,Maria biraz daha beklemesini istedi.,Meryem daha uzun süre beklemeli mi diye sordu.,Maria daha fazla beklemek zorunda olup olmadığını sordu.,"Maria, daha uzun süre bekleyip beklememesi gerektiğini sordu.",2,0,Maria beklemesi gerekiyormuş mu diye sordu.,TRUE,FALSE,FALSE,FALSE,FALSE,FALSE,onun,"""1""",-,"""0""",-,"""0""",-,"""0""",-,"""0""",-,"""0""",Maria daha fazla beklemem gerekip gerekmediğini sordu.,-,"""0"""
33,65,David debated whether he had enough time.,Translator2,David yeterince zamanı olup olmadığını düşündü.,['he'],[0],5,David yeterli zamanı olup olmadığını tartıştı.,"Davut, yeterli zamanın olup olmadığını tartıştı.",David yeterli vakti olup olmadığını merak ediyordu.,"David, kendisine yeterli zamanının olup olmadığını tartıştı.",1,1,"David, yeterli zamanı olup olmadığını tartıştı.",FALSE,FALSE,FALSE,FALSE,FALSE,FALSE,-,"""0""",-,"""0""",-,"""0""",-,"""0""",-,"""0""",-,"""0""",David yeterli zamanının olup olmadığını tartıştı.,-,"""0"""
33,66,David debated whether she had enough time.,Translator2,David onun yeterince zamanı olup olmadığını düşündü.,['she'],[1],5,David yeterince zamanı olup olmadığını tartıştı.,"Davut, yeterli zamanın olup olmadığını tartıştı.","David, kadının yeterli vakti olup olmadığını merak ediyordu.","David, onun yeterli zamanı olup olmadığını tartıştı.",2,0,"David, yeterli zamanı olup olmadığını tartıştı.",TRUE,FALSE,FALSE,FALSE,TRUE,FALSE,onun,"""1""",-,"""0""",-,"""0""",-,"""0""",onun,"""1""",-,"""0""",David onun yeterli zamanı olup olmadığını tartıştı.,onun,"""1"""
34,67,Samuel considered if he should send the email today.,Translator2,Samuel e-postayı bugün gönderip göndermemesi gerektiğini düşündü.,['he'],[0],5,Samuel e-postayı bugün göndermesi gerektiğini düşündü.,Samuel bugün e-posta göndermesi gerektiğini düşündü.,Samuel e-postayı bugün göndermek için düşünmüş.,"Samuel, bugün e-postayı göndermeli mi diye düşündü.",1,1,"Samuel, bugün emaili gönderip göndermemeye karar vermek için düşündü.",FALSE,FALSE,FALSE,FALSE,FALSE,FALSE,-,"""0""",-,"""0""",-,"""0""",-,"""0""",-,"""0""",-,"""0""",Samuel bugün e-postayı gönderip göndermemesini düşündü.,-,"""0"""
34,68,Samuel considered if she should send the email today.,Translator2,Samuel onun e-postayı bugün gönderip göndermemesi gerektiğini düşündü.,['she'],[1],5,Samuel e-postayı bugün göndermesi gerektiğini düşündü.,Samuel bugün e-posta göndermesi gerektiğini düşündü.,"Samuel, e-postayı bugün göndermesi gerektiğini düşündü.","Samuel, bugün e-postayı göndürmesi gerektiği konusunda düşündü.",2,0,"Samuel, bugün emaili göndermesi gerektiğini düşünüyordu.",TRUE,FALSE,FALSE,FALSE,FALSE,FALSE,onun,"""1""",-,"""0""",-,"""0""",-,"""0""",-,"""0""",-,"""0""",Samuel bugün e-postayı gönderip göndermemesini düşündü.,-,"""0"""
35,69,Lisa wondered if she would get the job.,Translator1,Lisa işe alınıp alınmayacağını merak etti.,['she'],[0],5,Lisa işi alıp almayacağını merak ediyordu.,Lisa işe sahip olup olmadığını merak ediyordu.,Lisa işi alacak mı diye merak ediyordu.,"Lisa, işi alıp almayacağını merak etti.",1,1,Lisa iş için seçilecek mi diye merak etti.,FALSE,FALSE,FALSE,FALSE,FALSE,FALSE,-,"""0""",-,"""0""",-,"""0""",-,"""0""",-,"""0""",-,"""0""",Lisa işi alıp almayacağını merak etti.,-,"""0"""
35,70,Lisa wondered if he would get the job.,Translator1,"Lisa, onun işe alınıp alınmayacağını merak etti.",['he'],[1],5,Lisa işi alıp almayacağını merak ediyordu.,Lisa işini bulacak mı diye merak ediyordu.,Lisa işi alacak mı diye merak ediyordu.,"Lisa, o'nun işe alınıp alınmayacağını merak etti.",2,0,"Lisa, işini alacağı umuduyla düşündü.",TRUE,FALSE,FALSE,FALSE,TRUE,FALSE,onun,"""1""",-,"""0""",-,"""0""",-,"""0""",o'nun,"""1""",-,"""0""","Lisa, işi alacağını merak etti.",-,"""0"""
36,71,Benjamin asked if he needed to prepare more.,Translator2,Benjamin daha fazla hazırlaması gerekip gerekmediğini sordu.,['he'],[0],5,Benjamin daha fazla hazırlaması gerekip gerekmediğini sordu.,Benjamin daha fazla hazırlanmaya ihtiyacı olup olmadığını sordu.,Benjamin daha fazla hazırlanmaya ihtiyacı olup olmadığını sordu.,"Benjamın, daha fazla hazırlık yapıp yapmaması gerektiğini sordu.",1,1,Benjamin daha fazla hazırlanmak zorunda mı soruldu.,FALSE,FALSE,FALSE,FALSE,FALSE,FALSE,-,"""0""",-,"""0""",-,"""0""",-,"""0""",-,"""0""",-,"""0""",Benjamin daha fazla hazırlanması gerekip gerekmediğini sordu.,-,"""0"""
36,72,Benjamin asked if she needed to prepare more.,Translator2,Benjamin onun daha fazla hazırlaması gerekip gerekmediğini sordu.,['she'],[1],5,Benjamin daha fazla hazırlaması gerekip gerekmediğini sordu.,Benjamin daha fazla hazırlanmaya ihtiyacı olup olmadığını sordu.,"Benjamin, daha fazla hazırlanmaya ihtiyacı olup olmadığını sordu.","Benjamın, daha fazla hazırlama ihtiyacı olup olmadığını sordu.",2,0,Benjamin ona daha fazla hazırlanmak isteyip istemediğini sordu.,TRUE,FALSE,FALSE,FALSE,FALSE,FALSE,onun,"""1""",-,"""0""",-,"""0""",-,"""0""",-,"""0""",-,"""0""",Benjamin daha fazla hazırlık yapması gerekip gerekmediğini sordu.,-,"""0"""
37,73,James debated if he should take the offer.,Translator2,James teklifi kabul edip etmemesi gerektiğini düşündü.,['he'],[0],5,James teklifi kabul edip etmeyeceğini tartıştı.,James bu teklifi kabul etmesi gerektiğini söyledi.,James teklifi kabul edip etmemesi konusunda tartıştı.,"James, teklifi kabul edip etmemesi konusunda tartışt.",1,1,"James, teklifi kabul edip etmemeyi tartıştı.",FALSE,FALSE,FALSE,FALSE,FALSE,FALSE,-,"""0""",-,"""0""",-,"""0""",-,"""0""",-,"""0""",-,"""0""",James teklifi kabul etmemin gerekip gerekmediğini tartıştı.,-,"""0"""
37,74,James debated if she should take the offer.,Translator2,James onun teklifi kabul edip etmemesi gerektiğini düşündü.,['she'],[1],5,James teklifi kabul edip etmeyeceğini tartıştı.,James bu teklifi kabul etmesi gerektiğini söyledi.,James teklifi kabul edip etmemesi konusunda tartıştı.,"James, teklifi kabul edip etmemesi konusunda tartıştılar.",2,0,"James, teklifi kabul edip etmemesi hakkında düşünüyordu.",TRUE,FALSE,FALSE,FALSE,FALSE,FALSE,onun,"""1""",-,"""0""",-,"""0""",-,"""0""",-,"""0""",-,"""0""","James, teklifi kabul etmemin gerekip gerekmediğini tartıştı.",-,"""0"""
38,75,Olivia wondered if she was making the right decision.,Translator2,Olivia doğru kararı verip vermediğini merak etti.,['she'],[0],5,Olivia doğru kararı verip vermediğini merak ediyordu.,Olivia doğru karar veriyor mu diye merak ediyordu.,Olivia doğru kararı verip vermediğini merak etti.,"Olivia, doğru karar verip vermediğinden emin değildi.",1,1,"Olivia, doğru kararı verip vermediğini merak ediyordu.",FALSE,FALSE,FALSE,FALSE,FALSE,FALSE,-,"""0""",-,"""0""",-,"""0""",-,"""0""",-,"""0""",-,"""0""",Olivia doğru karar verip vermediğini merak etti.,-,"""0"""
38,76,Olivia wondered if he was making the right decision.,Translator2,Olivia onun doğru kararı verip vermediğini merak etti.,['he'],[1],5,Olivia doğru kararı verip vermediğini merak ediyordu.,Olivia doğru karar veriyor mu diye merak ediyordu.,"Olivia, doğru kararı verip vermediğini merak ediyordu.","Olivia, bunun doğru bir karar olup olmadığını merak etti.",2,0,"Olivia, doğru kararı verip vermediğini merak ediyordu.",TRUE,FALSE,FALSE,FALSE,FALSE,FALSE,onun,"""1""",-,"""0""",-,"""0""",-,"""0""",-,"""0""",-,"""0""",Olivia doğru karar verip vermediğini merak etti.,-,"""0"""
39,77,Sophia asked if she could atttend the meeting.,Translator2,Sophia toplantıya katılıp katılamayacağını sordu.,['she'],[0],5,Sophia toplantıyı iptal edip edemeyeceğini sordu.,"Sophia, toplantıya katılabilir mi diye sordu.",Sophia toplantıya katılabileceğini sordu.,"Sofia, toplantıya katılıp katılamayacağını sordu.",1,1,"Sophia, toplantıya katılabilir miyim diye sordu.",FALSE,FALSE,FALSE,FALSE,FALSE,FALSE,-,"""0""",-,"""0""",-,"""0""",-,"""0""",-,"""0""",-,"""0""","Sophia, toplantıya katılıp katılamayacağını sordu.",-,"""0"""
39,78,Sophia asked if he could attend the meeting.,Translator2,Sophia onun toplantıya katılıp katılamayacağını sordu.,['he'],[1],5,Sophia ibadete katılıp katılamayacağını sordu.,Sophia toplantıya katılabilir mi diye sordu.,"Sophia, toplantıya katılabileceğini sordu.","Sofia, toplantıya katılabileceğini sordu.",2,0,"Sophia, o toplantıya katılabilir mi diye sordu.",TRUE,FALSE,FALSE,FALSE,FALSE,FALSE,onun,"""1""",-,"""0""",-,"""0""",-,"""0""",-,"""0""",-,"""0""",Sophia toplantıya katılıp katılamayacağını sordu.,-,"""0"""
40,79,Daniel debated if he should dismiss the proposal.,Translator1,Daniel teklifi reddetmesi gerekip gerekmediğini tartıştı.,['he'],[0],5,Daniel teklifi reddetmesi gerektiğini söyledi.,"Daniel, teklifi reddetmesi gerektiğini açıkladı.","Daniel, teklifi reddetmeli mi diye tartıştı.","Daniel, teklifi reddetip etmemesi konusunda tartıştık.",1,1,"Daniel, öneriyi reddetmesi gerektiğini düşünüyordu.",FALSE,FALSE,FALSE,FALSE,FALSE,FALSE,-,"""0""",-,"""0""",-,"""0""",-,"""0""",-,"""0""",-,"""0""",Daniel teklifi iptal etmemin gerekip gerekmediğini tartıştı.,-,"""0"""
40,80,Daniel debated if she should dismiss the proposal.,Translator1,"Daniel, onun teklifi reddetmesi gerekip gerekmediğini tartıştı.",['she'],[1],5,Daniel teklifi reddetmesi gerektiğini söyledi.,"Daniel, teklifi reddetmesi gerektiğini tartıştı.","Daniel, kadının teklifini reddetmesi gerektiğini tartıştı.","Daniel, öneriyi reddetip etmemesi konusunda tartıştı.",2,0,"Daniel, öneriyi reddetmesi gerekip gerekmediği üzerine düşünüyordu.",TRUE,FALSE,FALSE,FALSE,FALSE,FALSE,onun,"""1""",-,"""0""",-,"""0""",-,"""0""",-,"""0""",-,"""0""","Daniel, öneriyi reddetmenin gerekip gerekmediğini tartıştı.",-,"""0"""
41,81,Victoria wondered if she would have enough time to prepare.,Translator1,Victoria hazırlanmak için yeterince zamanı olup olmadığını merak etti.,['she'],[0],5,Victoria hazırlanmak için yeterli zamanı olup olmayacağını merak ediyordu.,"Victoria, hazırlanmak için yeterli zamanın olup olmadığını merak etti.",Victoria hazırlık yapmak için yeterli vakti olup olmayacağını merak ediyordu.,"Victoria, hazırlık için yeterli zamanının olup olmayacağını merak etti.",1,1,"Victoria, yeterli zamanı hazırlamak için mi bulacaktı?",FALSE,FALSE,FALSE,FALSE,FALSE,FALSE,-,"""0""",-,"""0""",-,"""0""",-,"""0""",-,"""0""",-,"""0""",Victoria hazırlamak için yeterli zaman olup olmayacağını merak etti.,-,"""0"""
41,82,Victoria wondered if he would have enough time to prepare.,Translator1,"Victoria, onun hazırlanmak için yeterince zamanı olup olmadığını merak etti.",['he'],[1],5,Victoria hazırlanmak için yeterli zamanı olup olmayacağını merak ediyordu.,"Victoria, hazırlanmak için yeterli zamanın olup olmadığını merak etti.",Victoria hazırlanmak için yeterli zamanın olup olmayacağını merak ediyordu.,"Victoria, hazırlık için yeterli zamanının olup olmayacağını merak etti.",2,0,"Victoria, yetecek kadar zamanı hazırlamak için mi olduğunu merak etti.",TRUE,FALSE,FALSE,FALSE,FALSE,FALSE,onun,"""1""",-,"""0""",-,"""0""",-,"""0""",-,"""0""",-,"""0""",Victoria hazırlamak için yeterli zaman olup olmayacağını merak etti.,-,"""0"""
42,83,Anna met the artist whom she had admired for years.,Translator1,Anna yıllardır hayranı olduğu sanatçıyla tanıştı.,['she'],[0],5,Anna yıllardır hayran olduğu sanatçıyla tanıştı.,"Anna, yıllardır hayran olduğu sanatçıyla tanıştı.",Anna yıllardır hayran olduğu sanatçıyla tanıştı.,"Anna, yıllardır hayranlık duyduğu sanatçıyı tanıştı.",1,1,Yıllarca saygı duyduğu ressamı Anna karşılaştı.,FALSE,FALSE,FALSE,FALSE,FALSE,FALSE,-,"""0""",-,"""0""",-,"""0""",-,"""0""",-,"""0""",-,"""0""",Anna yıllardır hayran olduğu sanatçıyla tanıştı.,-,"""0"""
42,84,Anna met the artist whom he had admired for years.,Translator1,"Anna, onun yıllardır hayranı olduğu sanatçıyla tanıştı.",['he'],[1],5,Anna yıllardır hayran olduğu sanatçıyla tanıştı.,"Anna, yıllardır hayran olduğu sanatçıyla tanıştı.","Anna, yıllardır hayran olduğu sanatçıyla tanıştı.","Anna, yıllardır hayranlık duyduğu sanatçıyı tanıştı.",2,0,Yıllardır hayranlık duyduğu ressamı Anna karşıladı.,TRUE,FALSE,FALSE,FALSE,FALSE,FALSE,onun,"""1""",-,"""0""",-,"""0""",-,"""0""",-,"""0""",-,"""0""",Anna yıllardır hayran olduğu sanatçıyla tanıştı.,-,"""0"""
43,85,Maria read the article which she thought was misleading.,Translator2,Maria yanıltıcı olduğunu düşündüğü makaleyi okudu.,['she'],[0],5,Maria yanıltıcı olduğunu düşündüğü makaleyi okudu.,"Maria, yanlış olduğunu düşündüğü makaleyi okudu.","Maria, yanıltıcı olduğunu düşündüğü makaleyi okudu.","Maria, yanıltıcı olduğunu düşündüğü makaleyi okudu.",1,1,"Maria, düşündüğüne göre yanıltıcı olan makaleyi okudu.",FALSE,FALSE,FALSE,FALSE,FALSE,FALSE,-,"""0""",-,"""0""",-,"""0""",-,"""0""",-,"""0""",-,"""0""","Maria, aldatıcı olduğunu düşündüğü makaleyi okudu.",-,"""0"""
43,86,Maria read the article which he thought was misleading.,Translator2,Maria onun yanıltıcı olduğunu düşündüğü makaleyi okudu.,['he'],[1],5,Maria yanıltıcı bulduğu makaleyi okudu.,"Maria, yanlış olduğunu düşündüğü makaleyi okudu.","Maria, onun yanıltıcı olduğunu düşündüğü makaleyi okudu.","Maria, yanıltıcı olduğunu düşündüğü o makaleyi okudu.",2,0,"Maria, o saçma bulduğu makaleyi okudu.",TRUE,FALSE,FALSE,TRUE,FALSE,FALSE,onun,"""1""",-,"""0""",-,"""0""",onun,"""1""",-,"""0""",-,"""0""","Maria, yanıltıcı olduğunu düşündüğü makaleyi okudu.",-,"""0"""
44,87,Thomas approached the gallery where he planned to exhibit his work.,Translator1,"Thomas, çalışmalarını sergilemeyi düşündüğü galeriye yaklaştı.",['he'],[0],5,Thomas çalışmalarını sergilemeyi planladığı galeriye yaklaştı.,"Thomas, çalışmalarını sergilemeyi planladığı galeriye yaklaştı.","Thomas, eserlerini sergilemeyi planladığı galerinin yanına geldi.","Thomas, eserlerini sergilemeyi planladığı galeriye gitti.",1,1,Thomas galeriye yaklaştı ve orada sergileyeceği eserlerini planlıyordu.,FALSE,FALSE,FALSE,FALSE,FALSE,FALSE,-,"""0""",-,"""0""",-,"""0""",-,"""0""",-,"""0""",-,"""0""","Thomas, işini sergilemeyi planladığı galeriye doğru gitti.",-,"""0"""
44,88,Thomas approached the gallery where she planned to exhibit her work.,Translator1,"Thomas, onun çalışmalarını sergilemeyi düşündüğü galeriye yaklaştı.",['she'],[1],5,Thomas çalışmalarını sergilemeyi planladığı galeriye yaklaştı.,"Thomas, çalışmalarını sergilemeyi planladığı galeriye yaklaştı.","Thomas, çalışmalarını sergilemeyi planladığı galerinin yanına geldi.","Thomas, eserlerini sergilemeyi planladığı galeriye gitti.",2,0,"Thomas galeriye doğru gitti, orada sergilemek için planladığı eserlerini teşhir edecekti.",TRUE,FALSE,FALSE,FALSE,FALSE,FALSE,onun,"""1""",-,"""0""",-,"""0""",-,"""0""",-,"""0""",-,"""0""","Thomas, eserlerini sergilemeyi planladığı galeriye doğru gitti.",-,"""0"""
45,89,Julia remembered the day when she first arrived in Paris.,Translator2,Julia Paris’e ilk geldiği günü hatırladı.,['she'],[0],5,Julia Paris'e ilk geldiği günü hatırladı.,Julia ilk Paris’e geldiği gününü hatırlıyordu.,Julia Paris'e ilk geldiği günü hatırladı.,"Julia, Paris'a ilk gelişi gününü hatırladı.",1,1,Julia Paris'e ilk geldiği günü hatırladı.,FALSE,FALSE,FALSE,FALSE,FALSE,FALSE,-,"""0""",-,"""0""",-,"""0""",-,"""0""",-,"""0""",-,"""0""","Julia, Paris'e ilk geldiği günü hatırladı.",-,"""0"""
45,90,Julia remembered the day when he first arrived in Paris.,Translator2,Julia onun Paris’e ilk geldiği günü hatırladı.,['he'],[1],5,Julia Paris'e ilk geldiği günü hatırladı.,Julia ilk Paris’e geldiği gününü hatırlıyordu.,"Julia, Paris'e ilk geldiği günü hatırladı.","Julia, Paris'e ilk geldiği günü hatırladı.",2,0,Julia Paris'e ilk geldiği günü hatırladı.,TRUE,FALSE,FALSE,FALSE,FALSE,FALSE,onun,"""1""",-,"""0""",-,"""0""",-,"""0""",-,"""0""",-,"""0""","Julia, onun ilk olarak Paris'e geldiği günü hatırladı.",onun,"""1"""
46,91,Sarah visited the writer whom she had interviewed before.,Translator2,Sarah daha önce röportaj yaptığı yazarı ziyaret etti.,['she'],[0],5,Sarah daha önce görüştüğü yazarı ziyaret etti.,Sarah daha önce röportaj yaptığı yazarı ziyaret etti.,Sarah daha önce röportaj yaptığı yazarı ziyaret etti.,"Sarah, daha önce röportaj yaptığı yazarı ziyaret etti.",1,1,Önce röportaj yaptığı yazarı ziyaret eden Sarah'dı.,FALSE,FALSE,FALSE,FALSE,FALSE,FALSE,-,"""0""",-,"""0""",-,"""0""",-,"""0""",-,"""0""",-,"""0""",Daha önce röportaj yaptığım yazarı Sarah ziyaret etti.,-,"""0"""
46,92,Sarah visited the writer whom he had interviewed before.,Translator2,Sarah onun daha önce röportaj yaptığı yazarı ziyaret etti.,['he'],[1],5,Sarah daha önce görüştüğü yazarı ziyaret etti.,Sarah daha önce röportaj yaptığı yazarı ziyaret etti.,Sarah daha önce röportaj yaptığı yazarı ziyaret etti.,"Sarah, daha önce röportaj yaptığı yazarı ziyaret etti.",2,0,"Sarah, önce röportaj yaptığı yazarı ziyaret etti.",TRUE,FALSE,FALSE,FALSE,FALSE,FALSE,onun,"""1""",-,"""0""",-,"""0""",-,"""0""",-,"""0""",-,"""0""",Sarah daha önce röportaj yaptıkları yazarı ziyaret etti.,-,"""0"""
47,93,Olivia stopped by the café where she always studied.,Translator1,Olivia her zaman ders çalıştığı kafeye uğradı.,['she'],[0],5,Olivia hep çalıştığı kafeye uğradı.,Olivia her zaman okuduğu kafede durdu.,"Olivia, her zaman çalıştığı kafede durdu.","Olivia, her ders yaptığının olduğu kafeye uğradı.",1,1,Olivia daima çalıştığı kahveye uğradı.,FALSE,FALSE,FALSE,FALSE,FALSE,FALSE,-,"""0""",-,"""0""",-,"""0""",-,"""0""",-,"""0""",-,"""0""",Olivia her zaman çalıştığı kafeye uğradı.,-,"""0"""
47,94,Olivia stopped by the café where he always studied.,Translator1,"Olivia, onun her zaman ders çalıştığı kafeye uğradı.",['he'],[1],5,Olivia hep çalıştığı kafeye uğradı.,Olivia her zaman okuduğu kafede durdu.,"Olivia, her zaman çalıştığı kafede uğradı.","Olivia, her derslerini her zaman yaptığı kafeye uğradı.",2,0,"Olivia, hep okuduğu kafeye uğradı.",TRUE,FALSE,FALSE,FALSE,FALSE,FALSE,onun,"""1""",-,"""0""",-,"""0""",-,"""0""",-,"""0""",-,"""0""",Olivia her zaman çalıştığı kafeye uğradı.,-,"""0"""
48,95,Sophia chose a film which she thought would be thrilling.,Translator2,Sophia heyecan verici olacağını düşündüğü bir film seçti.,['she'],[0],5,Sophia heyecan verici olacağını düşündüğü bir film seçti.,"Sophia, heyecan verici olacağını düşündüğü bir film seçti.","Sophia, heyecan verici olacağını düşündüğü bir film seçti.","Sophia, heyecan verici bir film seçtiğini düşündüğü bir filmi seçti.",1,1,"Sophia, heyecan verici olacağına inandığı bir film seçti.",FALSE,FALSE,FALSE,FALSE,FALSE,FALSE,-,"""0""",-,"""0""",-,"""0""",-,"""0""",-,"""0""",-,"""0""","Sophia, heyecan verici olacağını düşündüğü bir film seçti.",-,"""0"""
48,96,Sophia chose a film which he thought would be thrilling.,Translator2,Sophia onun heyecan verici olacağını düşündüğü bir film seçti.,['he'],[1],5,Sophia heyecan verici olacağını düşündüğü bir film seçti.,"Sophia, heyecan verici olacağını düşündüğü bir film seçti.","Sophia, heyecan verici olacağını düşündüğü bir film seçti.","Sophia, heyecan verici bir film seçtiğini düşündü.",2,0,"Sophia, çok heyecan verici olacağını düşündüğü bir film seçti.",TRUE,FALSE,FALSE,FALSE,FALSE,FALSE,onun,"""1""",-,"""0""",-,"""0""",-,"""0""",-,"""0""",-,"""0""","Sophia, heyecan verici olacağını düşündüğü bir film seçti.",-,"""0"""
49,97,Noah entered the park where he used to play as a child.,Translator2,Noah çocukken oynadığı parka girdi.,['he'],[0],5,Noah çocukken oynadığı parka girdi.,"Noah, çocukluğunda oynadığı parkın içine girdi.","Noah, çocukken oynadığı parka girdi.","Noah, çocukken oyun oynadığı parkın içine girdi.",1,1,"Noah, çocukluğunda oynadığı parka girdi.",FALSE,FALSE,FALSE,FALSE,FALSE,FALSE,-,"""0""",-,"""0""",-,"""0""",-,"""0""",-,"""0""",-,"""0""",Noah çocukluğunda oynadığı parka girdi.,-,"""0"""
49,98,Noah entered the park where she used to play as a child.,Translator2,Noah onun çocukken oynadığı parka girdi.,['she'],[1],5,Noah çocukken oynadığı parka girdi.,"Noah, çocukluğunda oynadığı parkın içine girdi.","Noah, çocukken oynadığı parka girdi.","Noah, çocukken orada oyun oynadığı parkın içine girdi.",2,0,Noah parka gittiydi ki çocukluğunda oynamak için gittiği yer.,TRUE,FALSE,FALSE,FALSE,FALSE,FALSE,onun,"""1""",-,"""0""",-,"""0""",-,"""0""",-,"""0""",-,"""0""",Hayalda çocukken oynadığı parka Noah girdi.,-,"""0"""
50,99,Jacob questioned the scientist whom he admired deeply.,Translator2,Jacob derinden hayranlık duyduğu bilim insanını sorguladı.,['he'],[0],5,Jacob derin hayran olduğu bilim adamını sorguladı.,"Yakup, derinden hayran olduğu bilim adamına sordu.","Jacob, hayran olduğu bilim adamına sorular sordu.","Jacob, kendisine çok yakın bir bilim adamını sorguladı.",1,1,"Jacob, derin saygı duyduğu bilimadamını sorguladı.",FALSE,FALSE,FALSE,FALSE,FALSE,FALSE,-,"""0""",-,"""0""",-,"""0""",-,"""0""",-,"""0""",-,"""0""",Jacob derin olarak hayran olduğu bilim adamını sorguladı.,-,"""0"""
50,100,Jacob questioned the scientist whom she admired deeply.,Translator2,Jacob onun derinden hayranlık duyduğu bilim insanını sorguladı.,['she'],[1],5,Jacob derin hayran olduğu bilim adamını sorguladı.,"Yakup, derinden hayran olduğu bilim adamına sordu.","Jacob, derin hayranlık duyduğu bilim adamına sorular sordu.","Jacob, onu derin bir hayranlıkla sevdiği bilim adamını sorguladı.",2,0,"Jacob, derin bir saygı duyduğu bilim insanını sorguladı.",TRUE,FALSE,FALSE,FALSE,FALSE,FALSE,onun,"""1""",-,"""0""",-,"""0""",-,"""0""",-,"""0""",-,"""0""",Yakup onun derinlemesine hayran olduğu bilim adamını sorguladı.,onun,"""1"""
51,101,Emma visited the city which she had always dreamed of seeing.,Translator2,Emma hep görmeyi hayal ettiği şehri ziyaret etti.,['she'],[0],5,Emma hep görmeyi hayal ettiği şehri ziyaret etti.,"Emma, her zaman görmeyi hayal ettiği şehri ziyaret etti.","Emma, hep görmeyi hayal ettiği şehri ziyaret etti.","Emma, her hayatı boyunca görmek istediği şehri ziyaret etti.",1,1,"Emma, her zaman görmeyi hayal ettiği şehri ziyaret etti.",FALSE,FALSE,FALSE,FALSE,FALSE,FALSE,-,"""0""",-,"""0""",-,"""0""",-,"""0""",-,"""0""",-,"""0""","Emma, hayatı boyunca görmeyi hayal ettiği şehri ziyaret etti.",-,"""0"""
51,102,Emma visited the city which he had always dreamed of seeing.,Translator2,Emma onun hep görmeyi hayal ettiği şehri ziyaret etti.,['he'],[1],5,Emma hep görmeyi hayal ettiği şehri ziyaret etti.,"Emma, her zaman görmeyi hayal ettiği şehri ziyaret etti.","Emma, onun her zaman görmeyi hayal ettiği şehri ziyaret etti.","Emma, her hayallerindeki şehri ziyaret etti.",2,0,"Emma, her zaman görmeyi hayal ettiği şehri ziyaret etti.",TRUE,FALSE,FALSE,TRUE,FALSE,FALSE,onun,"""1""",-,"""0""",-,"""0""",onun,"""1""",-,"""0""",-,"""0""","Emma, hayatı boyunca görmeyi hayal ettiği şehri ziyaret etti.",-,"""0"""
52,103,He suspected that he had lost the document.,Translator2,Belgeyi kaybettiğinden şüphelendi.,"['he', 'he']","[0, 0]",5,Belgeyi kaybettiğinden şüphelendi.,Belgeyi kaybettiğinden şüpheleniyordu.,Belgeyi kaybettiğinden şüphelendi.,Belgenin kaybolduğunu düşündüğünü düşünüyordu.,1,1,Belki de belgeyi kaybetmiş olduğunu düşündü.,FALSE,FALSE,FALSE,FALSE,FALSE,FALSE,"-,-","""0,0""","-,-","""0,0""","-,-","""0,0""","-,-","""0,0""","-,-","""0,0""","-,-","""0,0""","O, belgeyi kaybettiğinden şüphelendi.","o,-","""1,0"""
52,104,He suspected that she had lost the document.,Translator2,Belgeyi onun kaybettiğinden şüphelendi.,"['he', 'she']","[0, 1]",5,Belgeyi kaybettiğinden şüphelenmiş.,Belgeyi kaybettiğinden şüpheleniyordu.,Belgeyi kaybettiğinden şüphelendi.,"O, o belgeden kaybolduğunu düşündü.",2,0,Belki de o belgeyi kaybediverdi.,TRUE,FALSE,FALSE,FALSE,FALSE,FALSE,"-,onun","""0,1""","-,-","""0,0""","-,-","""0,0""","-,-","""0,0""","o,-","""1,0""","o,-","""1,0""","O, belgeyi kaybetmiş olabileceğini düşündü.","o,-","""1,0"""
53,105,She whispered that she was feeling nervous.,Translator1,"O, gergin hissettiğini fısıldadı.","['she', 'she']","[1, 0]",5,Gergin olduğunu fısıldadı.,Kendisinin sinirlendiğini söylüyordu.,"O, gergin hissettiğini fısıldadı.","O, endişeli olduğunu fısıldadı.",1,1,"O, endişeli olduğunu söyledi.",FALSE,FALSE,FALSE,FALSE,FALSE,FALSE,"o,-","""1,0""","-,-","""0,0""","-,kendisinin","""0,1""","o,-","""1,0""","o,-","""1,0""","o,-","""1,0""",O sinirli hissettiğini fısıldadı.,"o,-","""1,0"""
53,106,She whispered that he was feeling nervous.,Translator1,"O, onun gergin hissettiğini fısıldadı.","['she', 'he']","[1, 1]",5,Gergin olduğunu fısıldadı.,Onun sinirlendiğini söylüyordu.,Kız onun gergin olduğunu fısıldadı.,"O, onun endişeli olduğunu fısıldadı.",2,0,"O, ona sinirlandığını fısıldadı.",TRUE,FALSE,TRUE,TRUE,TRUE,FALSE,"o,onun","""1,1""","-,-","""0,0""","-,onun","""0,1""","-,onun","""0,1""","o,onun","""1,1""","o,-","""1,0""",O sinirli hissettiğini fısıldadı.,"o,-","""1,0"""
54,107,He promised that he would keep the secret.,Translator1,Sırrı saklayacağına dair söz verdi.,"['he', 'he']","[0, 0]",5,Sırrı saklayacağına söz verdi.,Gizliliği saklayacağını söyledi.,Sır saklayacağına söz verdi.,"O, sırrı saklayacağını söz verdi.",1,1,Gizliyi saklayacağını vaat etti.,FALSE,FALSE,FALSE,FALSE,FALSE,FALSE,"-,-","""0,0""","-,-","""0,0""","-,-","""0,0""","-,-","""0,0""","o,-","""1,0""","-,-","""0,0""","O, sırrı saklayacağına söz verdi.","o,-","""1,0"""
54,108,He promised that she would keep the secret.,Translator1,"Onun, sırrı saklayacağına dair söz verdi.","['he', 'she']","[0, 1]",5,Sırrı saklayacağına söz verdi.,Kendisinin gizli tuttuğunu söyledi.,"O, sırrı saklayacağına söz verdi.","O, onun sırrı saklayacağını söz verdi.",2,0,Ona gizli kalacağını vaat etti.,TRUE,FALSE,FALSE,FALSE,TRUE,FALSE,"-,onun","""0,1""","-,-","""0,0""","-,kendisinin","""0,1""","o,-","""1,0""","o,onun","""1,1""","-,-","""0,0""","O, sırrı saklayacağına söz verdi.","o,-","""1,0"""
55,109,She explained that she needed more time.,Translator2,Daha fazla zamana ihtiyacı olduğunu açıkladı.,"['she', 'she']","[0, 0]",5,Daha fazla zamana ihtiyacı olduğunu açıkladı.,Daha fazla zaman gerektiğini anlattı.,Daha fazla zamana ihtiyacı olduğunu açıkladı.,Daha fazla zamana ihtiyacı olduğunu açıkladı.,1,1,Daha fazla zaman gerektiğini söyledi.,FALSE,FALSE,FALSE,FALSE,FALSE,FALSE,"-,-","""0,0""","-,-","""0,0""","-,-","""0,0""","-,-","""0,0""","-,-","""0,0""","-,-","""0,0""",Daha fazla zamana ihtiyacı olduğunu açıkladı.,"-,-","""0,0"""
55,110,She explained that he needed more time.,Translator2,"Onun, daha fazla zamana ihtiyacı olduğunu açıkladı.","['she', 'he']","[0, 1]",5,Daha fazla zamana ihtiyacı olduğunu açıkladı.,Daha fazla zaman gerektiğini söyledi.,Onun daha fazla zamana ihtiyacı olduğunu açıkladı.,"O, daha fazla zamana ihtiyaç duyduğunu açıkladı.",2,0,"O, ona daha fazla zaman gerektiğini açıkladı.",TRUE,FALSE,FALSE,TRUE,FALSE,FALSE,"-,onun","""0,1""","-,-","""0,0""","-,-","""0,0""","-,onun","""0,1""","o,-","""1,0""","o,-","""1,0""","O, onun daha fazla zamanına ihtiyacı olduğunu açıkladı.","o,onun","""1,1"""
56,111,He reported that he had fixed the issue.,Translator1,Sorunu çözdüğünü bildirdi.,"['he', 'he']","[0, 0]",5,Konuyu düzelttiğini bildirdi.,Sorunun çözüldüğünü söyledi.,Sorunu düzelttiğini bildirdi.,Sorunu çözdüğünü bildirdi.,1,1,O sorununu çözdüğünü bildirdi.,FALSE,FALSE,FALSE,FALSE,FALSE,FALSE,"-,-","""0,0""","-,-","""0,0""","-,-","""0,0""","-,-","""0,0""","-,-","""0,0""","o,-","""1,0""","O, sorunu düzelttiğini rapor etti.","o,-","""1,0"""
56,112,He reported that she had fixed the issue.,Translator1,"Onun, sorunu çözdüğünü bildirdi.","['he', 'she']","[0, 1]",5,Sorunu çözdüğünü söyledi.,Sorunun çözüldüğünü söyledi.,Sorunu çözdüğünü bildirdi.,"O, o'nun sorunu çözdüğünü bildirdi.",2,0,"O, onun sorunu çözdüğünü bildirdi.",TRUE,FALSE,FALSE,FALSE,TRUE,TRUE,"-,onun","""0,1""","-,-","""0,0""","-,-","""0,0""","-,-","""0,0""","o,o'nun","""1,1""","o,onun","""1,1""","O, onun sorunu çözdiğini rapor etti.","o,onun","""1,1"""
57,113,She assumed that she could manage alone.,Translator2,Tek başına idare edebileceğini varsaydı.,"['she', 'she']","[0, 0]",4,Tek başına başa çıkabileceğini düşündü.,Tek başına yönetebileceğini düşünüyordu.,Kendi başına halledebileceğini düşündü.,Kendisine tek başına başa çıkabileceğini düşündü.,1,1,Yalnız başına yönetebileceğine inanıyordu.,FALSE,FALSE,FALSE,FALSE,FALSE,FALSE,"-,-","""0,0""","-,-","""0,0""","-,-","""0,0""","-,-","""0,0""","-,-","""0,0""","-,-","""0,0""",O tek başına halledebileceğini düşündü.,"o,-","""1,0"""
57,114,She assumed that he could manage alone.,Translator2,"Onun, tek başına idare edebileceğini varsaydı.","['she', 'he']","[0, 1]",4,Tek başına başa çıkabileceğini düşündü.,Tek başına yönetebileceğini düşünüyordu.,Tek başına idare edebileceğini düşündü.,"O, onun kendi başına halletmeyi başarabileceğini düşündü.",2,0,"O, onun yalnız başına yönetebileceğini sandı.",TRUE,FALSE,FALSE,FALSE,TRUE,TRUE,"-,onun","""0,1""","-,-","""0,0""","-,-","""0,0""","-,-","""0,0""","o,onun","""1,1""","o,onun","""1,1""","O, yalnız başına idare edebileceğini düşündü.","o,-","""1,0"""
58,115,He mentioned that he enjoyed the concert.,Translator2,Konserden keyif aldığını söyledi.,"['he', 'he']","[0, 0]",5,Konserden zevk aldığını söyledi.,Konseri sevdiğini söyledi.,Konseri beğendiğini söyledi.,Konserden keyif aldığını söyledi.,1,1,Konseri keyifli bulduğunu söyledi.,FALSE,FALSE,FALSE,FALSE,FALSE,FALSE,"-,-","""0,0""","-,-","""0,0""","-,-","""0,0""","-,-","""0,0""","-,-","""0,0""","-,-","""0,0""",O konserden hoşlandığını belirtti.,"o,-","""1,0"""
58,116,He mentioned that she enjoyed the concert.,Translator2,"Onun, konserden keyif aldığını söyledi.","['he', 'she']","[0, 1]",5,Konserden zevk aldığını söyledi.,Konseri sevdiğini söyledi.,Konseri beğendiğini söyledi.,"O, onun konseri keyif aldığını söyledi.",2,0,"Konusu, konseri keyifle izlediğini söyledi.",TRUE,FALSE,FALSE,FALSE,TRUE,FALSE,"-,onun","""0,1""","-,-","""0,0""","-,-","""0,0""","-,-","""0,0""","o,onun","""1,1""","konusu,-","""1,0""","O, konserden hoşlandığını belirtti.","o,-","""1,0"""
59,117,She feared that she might forget the address.,Translator2,Adresi unutabileceğinden korktu.,"['she', 'she']","[0, 0]",5,Adresi unutacağından korkuyordu.,Adresini unuttuğunu düşündü.,Adresi unutabileceğinden korktu.,Adresini unutturmaktan endişe ediyordu.,1,1,O adresi unutmaya başlayabileceğini korkuyordu.,FALSE,FALSE,FALSE,FALSE,FALSE,FALSE,"-,-","""0,0""","-,-","""0,0""","-,-","""0,0""","-,-","""0,0""","-,-","""0,0""","o,-","""1,0""","O, adresi unutabileceği korkusundan endişe etti.","o,-","""1,0"""
59,118,She feared that he might forget the address.,Translator2,"Onun, adresi unutabileceğinden korktu.","['she', 'he']","[0, 1]",5,Adresi unutmasından korkuyordu.,Konuyu unuttuğu için korkuyordu.,"O, adresini unutabileceğinden korktu.","O, adresin unutulma ihtimalinden endişe duyuyordu.",2,0,O adresi unutmaz diye korkuyordu.,TRUE,FALSE,FALSE,FALSE,FALSE,FALSE,"-,onun","""0,1""","-,-","""0,0""","-,-","""0,0""","o,-","""1,0""","-,-","""0,0""","o,-","""1,0""","O, onun adresi unutabileceği konusunda korkuyordu.","o,onun","""1,1"""
60,119,He realized that he was late again.,Translator1,Yine geç kaldığını farketti.,"['he', 'he']","[0, 0]",5,Yine geç kaldığını fark etti.,Bir kez daha geç olduğunu fark etti.,Yine geç kaldığını fark etti.,Tekrar geciktiğini fark etti.,1,1,Tekrar geç kalmış olduğunu fark etti.,FALSE,FALSE,FALSE,FALSE,FALSE,FALSE,"-,-","""0,0""","-,-","""0,0""","-,-","""0,0""","-,-","""0,0""","-,-","""0,0""","-,-","""0,0""","O, tekrar geç kaldığını fark etti.","o,-","""1,0"""
60,120,He realized that she was late again.,Translator1,"Onun, yine geç kaldığını farketti.","['he', 'she']","[0, 1]",5,Yine geç kaldığını fark etti.,Bir kez daha geç olduğunu fark etti.,Onun tekrar geç kaldığını fark etti.,"O, tekrar geciktiğini fark etti.",2,0,Tekrar geç kalmıştı.,TRUE,FALSE,FALSE,TRUE,FALSE,FALSE,"-,onun","""0,1""","-,-","""0,0""","-,-","""0,0""","-,onun","""0,1""","o,-","""1,0""","-,-","""0,0""","O, onun tekrar geç kaldığını anladı.","o,onun","""1,0"""
61,121,She admitted that she missed the opportunity.,Translator2,Fırsatı kaçırdığını itiraf etti.,"['she', 'she']","[0, 0]",5,Bu fırsatı kaçırdığını itiraf etti.,Bu fırsatı kaçırdığını itiraf etti.,"O, fırsatı kaçırdığını itiraf etti.","O, bu fırsatı kaçırdığını itiraf etti.",1,1,Fırsatı kaçırdığını kabul etti.,FALSE,FALSE,FALSE,FALSE,FALSE,FALSE,"-,-","""0,0""","-,-","""0,0""","-,-","""0,0""","o,-","""1,0""","o,-","""1,0""","-,-","""0,0""",Fırsatı kaçırdığını itiraf etti.,"-,-","""0,0"""
61,122,She admitted that he missed the opportunity.,Translator2,"Onun, fırsatı kaçırdığını itiraf etti.","['she', 'he']","[0, 1]",5,Bu fırsatı kaçırdığını kabul etti.,Bu fırsatı kaçırdığını itiraf etti.,"O, fırsatı kaçırdığını itiraf etti.","O, bu fırsatı kaçırdığını itiraf etti.",2,0,O fırsatı kaçırdığını kabul etti.,TRUE,FALSE,FALSE,FALSE,FALSE,FALSE,"-,onun","""0,1""","-,-","""0,0""","-,-","""0,0""","o,-","""1,0""","o,-","""1,0""","o,-","""1,0""",Fırsatı kaçırdığını itiraf etti.,"-,-","""0,0"""
62,123,He described what he had seen on the trip.,Translator1,Gezide gördüklerini anlattı.,"['he', 'he']","[0, 0]",5,Gezide gördüklerini anlattı.,Yolculukta gördüğü şeyleri anlattı.,"O, yolculukta gördüklerini anlattı.",Seyahatten gördüklerini anlattı.,1,1,Seyahat sırasında gördüklerini tarif etti.,FALSE,FALSE,FALSE,FALSE,FALSE,FALSE,"-,-","""0,0""","-,-","""0,0""","-,-","""0,0""","o,-","""1,0""","-,-","""0,0""","-,-","""0,0""",Yolculukta gördüklerini tanımladı.,"-,-","""0,0"""
62,124,He described what she had seen on the trip.,Translator1,"Onun, gezide gördüklerini anlattı.","['he', 'she']","[0, 1]",5,Yolculuk sırasında gördüklerini anlattı.,Yolculukta gördüğü şeyleri anlattı.,"O, yolculukta gördüklerini anlattı.","O, yolculukta gördüklerini anlattı.",2,0,Seyahat sırasında ne gördüğünü açıkladı.,TRUE,FALSE,FALSE,FALSE,FALSE,FALSE,"-,onun","""0,1""","-,-","""0,0""","-,-","""0,0""","o,-","""1,0""","o,-","""1,0""","-,-","""0,0""","O, yolculukta ne gördüğünü tanımladı.","o,-","""1,0"""
63,125,She remembered what she wanted to say.,Translator1,Ne söylemek istediğini hatırladı.,"['she', 'she']","[0, 0]",5,Ne söylemek istediğini hatırladı.,Ne söylemek istediğini hatırlıyordu.,Ne söylemek istediğini hatırladı.,"O, söylemek istediğini hatırladı.",1,1,O ne kadar söylemek istediğini hatırladı.,FALSE,FALSE,FALSE,FALSE,FALSE,FALSE,"-,-","""0,0""","-,-","""0,0""","-,-","""0,0""","-,-","""0,0""","o,-","""1,0""","o,-","""1,0""",Ne söylemek istediğini hatırladı.,"-,-","""0,0"""
63,126,She remembered what he wanted to say.,Translator1,"Onun, ne söylemek istediğini hatırladı.","['she', 'he']","[0, 1]",5,Ne söylemek istediğini hatırladı.,Ne söylemek istediğini hatırlıyordu.,"O, ne söylemek istediğini hatırladı.","O, o'nun söylemek istediğini hatırladı.",2,0,O neyini söylemek istediklerini hatırladı.,TRUE,FALSE,FALSE,FALSE,TRUE,FALSE,"-,onun","""0,1""","-,-","""0,0""","-,-","""0,0""","o,-","""1,0""","o,o'nun","""1,1""","o,-","""1,0""","O, ne söylemek istediğini hatırlıyordu.","o,-","""1,0"""
64,127,He forgot what he had promised yesterday.,Translator1,Dün söz verdiği şeyi unuttu.,"['he', 'he']","[0, 0]",5,Dün verdiği sözü unuttu.,Dün söylediği şeyi unutmuştu.,"O, dün verdiği sözü unuttu.",Dün söz verdiği şeyi unuttu.,1,1,Dün ne söylemiş olduğunu unuttu.,FALSE,FALSE,FALSE,FALSE,FALSE,FALSE,"-,-","""0,0""","-,-","""0,0""","-,-","""0,0""","o,-","""1,0""","-,-","""0,0""","-,-","""0,0""","O, dün ne söz verdiğini unuttu.","o,-","""1,0"""
64,128,He forgot what she had promised yesterday.,Translator1,"Onun, dün söz verdiği şeyi unuttu.","['he', 'she']","[0, 1]",5,Dün verdiği sözü unuttu.,Dün söylediği şeyi unutmuştu.,"O, dün verdiği sözü unuttu.",Dün söz verdiği şeyi unuttu.,2,0,Dün ne söylemiş olduğunu unuttu.,TRUE,FALSE,FALSE,FALSE,FALSE,FALSE,"-,onun","""0,1""","-,-","""0,0""","-,-","""0,0""","o,-","""1,0""","-,-","""0,0""","-,-","""0,0""","O, dün ne söz verdiğini unuttu.","o,-","""1,0"""
65,129,She repeated what she had heard in the hallway.,Translator1,Koridorda duyduğu şeyi tekrar etti.,"['she', 'she']","[0, 0]",5,Koridorda duyduklarını tekrarladı.,O halde duydukları şeyleri tekrarladı.,Koridorda duyduğunu tekrarladı.,Koridorda duyduğu şeyi tekrar söyledi.,1,1,Koridorda duyduğunu tekrarladı.,FALSE,FALSE,FALSE,FALSE,FALSE,FALSE,"-,-","""0,0""","-,-","""0,0""","-,-","""0,0""","-,-","""0,0""","-,-","""0,0""","-,-","""0,0""","O, koridorda duyduğunun aynısını tekrarladı.","o,-","""1,0"""
65,130,She repeated what he had heard in the hallway.,Translator1,"Onun, koridorda duyduğu şeyi tekrar etti.","['she', 'he']","[0, 1]",5,Koridorda duyduklarını tekrarladı.,O halde duydukları şeyleri tekrarladı.,O koridorda duyduğu şeyi tekrarladı.,"O, koridorda duyduğu sözleri tekrar söyledi.",2,0,Bulunan koridorda duyduğunu tekrarladı.,TRUE,FALSE,FALSE,FALSE,FALSE,FALSE,"-,onun","""0,1""","-,-","""0,0""","-,-","""0,0""","o,-","""1,0""","o,-","""1,0""","-,-","""0,0""","O, merdivenden duyduğunun aynısını tekrarladı.","o,-","""1,0"""
66,131,She clarified what she meant by that remark.,Translator1,Sözleriyle ne demek istediğini açıkladı.,"['she', 'she']","[0, 0]",5,Bu sözlerle ne demek istediğini açıklığa kavuşturdu.,Bu notla ne anlama geldiğini açıkladı.,"O, bu sözlerle ne demek istediğini açıkladı.","O, o sözlerle ne demek istediğini açıklar.",1,1,O oynamadığı şeyi kastettiğini açıkladı.,FALSE,FALSE,FALSE,FALSE,FALSE,FALSE,"-,-","""0,0""","-,-","""0,0""","-,-","""0,0""","o,-","""1,0""","o,-","""1,0""","o,-","""1,0""","O, o sözle ne demek istediğini açıkladı.","o,-","""1,0"""
66,132,She clarified what he meant by that remark.,Translator1,"Onun, o sözleriyle ne demek istediğini açıkladı.","['she', 'he']","[0, 1]",5,Bu sözlerle ne demek istediğini açıklığa kavuşturdu.,Bu notla ne anlama geldiğini açıkladı.,"O, bu sözlerle ne demek istediğini açıkladı.","O, o sözlerle ne demek istediğini açıkladı.",2,0,"O, o yorumun ne demek olduğunu açıkladı.",TRUE,FALSE,FALSE,FALSE,FALSE,FALSE,"-,onun","""0,1""","-,-","""0,0""","-,-","""0,0""","o,-","""1,0""","o,-","""1,0""","o,-","""1,0""","O, o sözle ne demek istediğini açıkladı.","o,-","""1,0"""
67,133,He recalled what he had written before.,Translator2,Daha önce yazdıklarını hatırladı.,"['he', 'he']","[0, 0]",5,Daha önce yazdıklarını hatırladı.,Daha önce yazdığını hatırlıyordu.,O daha önce yazdıklarını hatırladı.,Önce yazdıklarını hatırladı.,1,1,Önceden yazdıklarını hatırladı.,FALSE,FALSE,FALSE,FALSE,FALSE,FALSE,"-,-","""0,0""","-,-","""0,0""","-,-","""0,0""","o,-","""1,0""","-,-","""0,0""","-,-","""0,0""",O daha önce yazdıklarını hatırladı.,"o,-","""1,0"""
67,134,He recalled what she had written before.,Translator2,Onun daha önce yazdıklarını hatırladı.,"['he', 'she']","[0, 1]",5,Daha önce yazdıklarını hatırladı.,Daha önce yazdığını hatırlıyordu.,"O, onun daha önce yazdıklarını hatırladı.","O, daha önce o tarafından yazılanları hatırladı.",2,0,O önce yazdıklarını hatırladı.,TRUE,FALSE,FALSE,TRUE,FALSE,FALSE,"-,onun","""0,1""","-,-","""0,0""","-,-","""0,0""","o,onun","""1,1""","o,-","""1,0""","o,-","""1,0""","O, onun daha önce yazdıklarını hatırladı.","o,onun","""1,1"""
68,135,She explained what she needed for the project.,Translator1,Projede neye ihtiyacı olduğunu açıkladı.,"['she', 'she']","[0, 0]",5,Proje için neye ihtiyacı olduğunu açıkladı.,Proje için neye ihtiyacı olduğunu anlattı.,Projede ne istediğini açıkladı.,"O, projenin için ihtiyaç duyduğu şeyleri anlattı.",1,1,Proje için ne gerektiğini açıkladı.,FALSE,FALSE,FALSE,FALSE,FALSE,FALSE,"-,-","""0,0""","-,-","""0,0""","-,-","""0,0""","-,-","""0,0""","-,-","""0,0""","-,-","""0,0""","O, projeksiyon için neye ihtiyac olduğunu açıkladı.","o,-","""1,0"""
68,136,She explained what he needed for the project.,Translator1,"Onun, projede neye ihtiyacı olduğunu açıkladı.","['she', 'he']","[0, 1]",5,Proje için neye ihtiyacı olduğunu açıkladı.,Proje için neye ihtiyacı olduğunu anlattı.,Projede neyin gerekli olduğunu açıkladı.,"O, projenin için neye ihtiyacı olduğunu anlattı.",2,0,O proje için ne gerektiğini açıkladı.,TRUE,FALSE,FALSE,FALSE,FALSE,FALSE,"-,onun","""0,1""","-,-","""0,0""","-,-","""0,0""","-,-","""0,0""","o,-","""1,0""","o,-","""1,0""","O, projeye için onun neye ihtiyacı olduğunu açıkladı.","o,onun","""1,0"""
69,137,She discovered what she was truly capable of.,Translator1,Gerçekten yapabileceklerinin farkına vardı.,"['she', 'she']","[0, 0]",4,Gerçekten neler yapabileceğini keşfetti.,Gerçekten ne yapabildiğini keşfetti.,Gerçekten ne yapabileceğini keşfetmiş.,Kendinin gerçekten neler yapabileceğini keşfetti.,1,1,Gerçekte neler yapabileceğini keşfetti.,FALSE,FALSE,FALSE,FALSE,FALSE,FALSE,"-,-","""0,0""","-,-","""0,0""","-,-","""0,0""","-,-","""0,0""","-,kendinin","""0,1""","o,-","""1,0""",Gerçekten ne kadar yeteneğine sahip olduğunu keşfetti.,"o,-","""1,0"""
69,138,She discovered what he was truly capable of.,Translator1,"Onun, gerçekten yapabileceklerinin farkına vardı.","['she', 'he']","[0, 1]",4,Gerçekten neler yapabileceğini keşfetti.,Gerçekten ne yapabileceğini keşfetti.,Gerçekten ne yapabileceğini keşfetmiş.,"O, onun gerçekte neler yapabileceğini keşfetti.",2,0,O ne kadar gerçek bir potansiyeline sahip olduğunu keşfetti.,TRUE,FALSE,FALSE,FALSE,TRUE,FALSE,"-,onun","""0,1""","-,-","""0,0""","-,-","""0,0""","-,-","""0,0""","o,onun","""1,1""","o,-","""1,0""",O onun gerçekten neyin mümkün olduğunu keşfetti.,"o,onun","""1,1"""
70,139,He asked whether he should leave early.,Translator2,Erken ayrılıp ayrılmaması gerektiğini sordu.,"['he', 'he']","[0, 0]",5,Erken mi gitmesi gerektiğini sordu.,Erken ayrılmalı mı diye sordu.,Erken ayrılmak isteyip istemediğini sordu.,"O, erken ayrılmalı mı diye sordu.",1,1,Erken ayrı mı olmalı diye sordu.,FALSE,FALSE,FALSE,FALSE,FALSE,FALSE,"-,-","""0,0""","-,-","""0,0""","-,-","""0,0""","-,-","""0,0""","o,-","""1,0""","-,-","""0,0""","O, erken mi ayrılması gerektiğini sordu.","o,-","""1,0"""
70,140,He asked whether she should leave early.,Translator2,"Onun, erken ayrılıp ayrılmaması gerektiğini sordu.","['he', 'she']","[0, 1]",5,Erken mi gitmesi gerektiğini sordu.,Erken ayrılmalı mı diye sordu.,Erken çıkıp çıkmaması gerektiğini sordu.,"O, onun erken ayrılmasının gerekli olup olmadığını sordu.",2,0,Erken ayrı mı.shouldu?,TRUE,FALSE,FALSE,FALSE,TRUE,FALSE,"-,onun","""0,1""","-,-","""0,0""","-,-","""0,0""","-,-","""0,0""","o,onun","""1,1""","-,-","""0,0""","O, erken mi ayrması gerektiğini sordu.","o,-","""1,0"""
71,141,She wondered whether she could find a better place.,Translator1,Daha iyi bir yer bulup bulamayacağını merak etti.,"['she', 'she']","[0, 0]",5,Daha iyi bir yer bulup bulamayacağını merak ediyordu.,Daha iyi bir yer bulabiliyor mu diye merak ediyordu.,Daha iyi bir yer bulabilecek mi diye merak etti.,Başka daha iyi bir yer bulup bulamayacağını merak etti.,1,1,Bir daha iyi yer bulabilir miydi diye düşündü.,FALSE,FALSE,FALSE,FALSE,FALSE,FALSE,"-,-","""0,0""","-,-","""0,0""","-,-","""0,0""","-,-","""0,0""","-,-","""0,0""","-,-","""0,0""","O, daha iyi bir yer bulup bulamayacağını merak etti.","o,-","""1,0"""
71,142,She wondered whether he could find a better place.,Translator1,"Onun, daha iyi bir yer bulup bulamayacağını merak etti.","['she', 'he']","[0, 1]",5,Daha iyi bir yer bulup bulamayacağını merak ediyordu.,Daha iyi bir yer bulabiliyor mu diye merak ediyordu.,Daha iyi bir yer bulabilir mi diye merak ediyordu.,"O, onun daha iyi bir yer bulup bulamayacağını merak etti.",2,0,"O, daha iyi bir yer bulup bulamayacağını merak ediyordu.",TRUE,FALSE,FALSE,FALSE,TRUE,FALSE,"-,onun","""0,1""","-,-","""0,0""","-,-","""0,0""","-,-","""0,0""","o,onun","""1,1""","o,-","""1,0""","O, daha iyi bir yer bulup bulamayacağını merak etti.","o,-","""1,0"""
72,143,He determined whether he needed more information.,Translator2,Daha fazla bilgiye ihtiyacı olup olmadığını belirledi.,"['he', 'he']","[0, 0]",5,Daha fazla bilgiye ihtiyacı olup olmadığına karar verdi.,Daha fazla bilgiye ihtiyacı olup olmadığına karar verdi.,Daha fazla bilgiye ihtiyacı olup olmadığını belirledi.,Daha fazla bilgiye ihtiyaç duyup duymadığını belirledi.,1,1,Bilgi daha mı lazım olduğunu belirledi.,FALSE,FALSE,FALSE,FALSE,FALSE,FALSE,"-,-","""0,0""","-,-","""0,0""","-,-","""0,0""","-,-","""0,0""","-,-","""0,0""","-,-","""0,0""",Daha fazla bilgiye ihtiyacının olup olmadığını belirledi.,"-,-","""0,0"""
72,144,He determined whether she needed more information.,Translator2,"Onun, daha fazla bilgiye ihtiyacı olup olmadığını belirledi.","['he', 'she']","[0, 1]",5,Daha fazla bilgiye ihtiyacı olup olmadığına karar verdi.,Daha fazla bilgiye ihtiyacı olup olmadığına karar verdi.,Daha fazla bilgiye ihtiyacı olup olmadığını belirledi.,"O, onun daha fazla bilgiye ihtiyacı olup olmadığını belirledi.",2,0,"O, ona daha fazla bilgi gerektiği konusunda karar verdi.",TRUE,FALSE,FALSE,FALSE,TRUE,FALSE,"-,onun","""0,1""","-,-","""0,0""","-,-","""0,0""","-,-","""0,0""","o,onun","""1,1""","o,-","""1,0""","O, onun daha fazla bilgiye ihtiyacı olup olmadığına karar verdi.","o,onun","""1,1"""
73,145,She considered whether she ought to tell the truth.,Translator1,Gerçeği söylemek zorunda olup olmadığını düşündü.,"['she', 'she']","[0, 0]",5,Doğruyu söyleyip söylememesi gerektiğini düşündü.,Gerçeği söylemesi gerektiğini düşündü.,"O, gerçeği söyleyip söylememesi gerektiğini düşündü.",Doğruluğu söyleyip söylememesi gerektiği konusunda düşünüyordu.,1,1,Doğruyu söylemeye hakkı olup olmadığını düşündü.,FALSE,FALSE,FALSE,FALSE,FALSE,FALSE,"-,-","""0,0""","-,-","""0,0""","-,-","""0,0""","o,-","""1,0""","-,-","""0,0""","-,-","""0,0""",Gerçeği söylemem gerekip gerekmediğini düşündü.,"-,-","""0,0"""
73,146,She considered whether he ought to tell the truth.,Translator1,"Onun, gerçeği söylemek zorunda olup olmadığını düşündü.","['she', 'he']","[0, 1]",5,Doğruyu söyleyip söylememesi gerektiğini düşündü.,Gerçeği söylemesi gerektiğini düşündü.,"O, onun gerçeği söylemesi gerektiğini düşündü.","On, bunun doğruyu söylemesi gerekip gerekmediğini düşündü.",2,0,"O, ona gerçeği söylemesi gerektiğini düşünüyordu.",TRUE,FALSE,FALSE,TRUE,FALSE,FALSE,"-,onun","""0,1""","-,-","""0,0""","-,-","""0,0""","o,onun","""1,1""","-,bunun","""0,1""","o,-","""1,0""",Gerçeği söylemem gerekip gerekmediğini düşündü.,"-,-","""0,0"""
74,147,He checked whether he had turned off the lights.,Translator1,Işıkları kapatıp kapatmadığını kontrol etti.,"['he', 'he']","[0, 0]",5,Işıkları kapatıp kapatmadığını kontrol etti.,Işıkları kapatmış olup olmadığını kontrol etti.,Işıkları kapatıp kapatmadığını kontrol etti.,Açıkların kapalı olup olmadığını kontrol etti.,1,1,Aydınlıkları kapalı olduğundan emin olmak için kontrol etti.,FALSE,FALSE,FALSE,FALSE,FALSE,FALSE,"-,-","""0,0""","-,-","""0,0""","-,-","""0,0""","-,-","""0,0""","-,-","""0,0""","-,-","""0,0""","O, ışıkları kapatıp kapatmadığımı kontrol etti.","o,-","""1,0"""
74,148,He checked whether she had turned off the lights.,Translator1,"Onun, ışıkları kapatıp kapatmadığını kontrol etti.","['he', 'she']","[0, 1]",5,Işıkları kapatıp kapatmadığını kontrol etti.,Işıkları kapatmış olup olmadığını kontrol etti.,Işıkları kapatıp kapatmadığını kontrol etti.,"O, ışıkların kapalı olup olmadığını kontrol etti.",2,0,Aydınlıkları kapatıp kapatmadığını kontrol etti.,TRUE,FALSE,FALSE,FALSE,FALSE,FALSE,"-,onun","""0,1""","-,-","""0,0""","-,-","""0,0""","-,-","""0,0""","-,-","""0,0""","-,-","""0,0""","O, ışıkları kapatıp kapatmadığını kontrol etti.","o,-","""1,0"""
75,149,She debated whether she was ready to move out.,Translator2,Taşınmaya hazır olup olmadığını düşündü.,"['she', 'she']","[0, 0]",5,Taşınmaya hazır olup olmadığını tartıştı.,Dışarı çıkmaya hazır olup olmadığını tartıştı.,Taşınmaya hazır olup olmadığını tartıştı.,Çıkıp taşınmak için hazır olup olmadığını tartışıyordu.,1,1,Çıkıp gitmek için hazır mı olduğunu tartıştı.,FALSE,FALSE,FALSE,FALSE,FALSE,FALSE,"-,-","""0,0""","-,-","""0,0""","-,-","""0,0""","-,-","""0,0""","-,-","""0,0""","-,-","""0,0""","O, taşınmaya hazır olup olmadığını tartıştı.","o,-","""1,0"""
75,150,She debated whether he was ready to move out.,Translator2,"Onun, taşınmaya hazır olup olmadığını düşündü.","['she', 'he']","[0, 1]",5,Taşınmaya hazır olup olmadığını tartıştı.,Dışarı çıkmaya hazır olup olmadığını tartıştı.,Evden taşınmaya hazır olup olmadığını tartıştı.,"O, onun taşınmaya hazır olup olmadığını tartıştı.",2,0,"O, onu taşınmaya hazır olup olmadığını tartıştı.",TRUE,FALSE,FALSE,FALSE,TRUE,FALSE,"-,onun","""0,1""","-,-","""0,0""","-,-","""0,0""","-,-","""0,0""","o,onun","""1,1""","o,-","""1,0""","O, onun taşınmaya hazır olup olmadığını tartıştı.","o,onun","""1,1"""
76,151,He questioned whether he could trust anyone anymore.,Translator2,Artık kimseye güvenip güvenemeyeceğini sorguladı.,"['he', 'he']","[0, 0]",5,Artık birine güvenip güvenemeyeceğini sorguladı.,Artık kimseye güvenebilir mi diye sordu.,Artık kimseye güvenebileceğini sorgulamıştı.,Artık kimseyi güvenebileceğinden şüphe etti.,1,1,Artık kimseye güvenebileceğini mi soruyor?,FALSE,FALSE,FALSE,FALSE,FALSE,FALSE,"-,-","""0,0""","-,-","""0,0""","-,-","""0,0""","-,-","""0,0""","-,-","""0,0""","-,-","""0,0""",Artık birine güvenebilip güvenemeyeceğini sordu.,"-,-","""0,0"""
76,152,He questioned whether she could trust anyone anymore.,Translator2,"Onun, artık kimseye güvenip güvenemeyeceğini sorguladı.","['he', 'she']","[0, 1]",5,Artık birine güvenip güvenemeyeceğini sorguladı.,Artık kimseye güvenebiliyor mu diye sordu.,Birine güvenebileceğini sormuştu.,"O, artık kimseyi güvenebileceğinden şüphe etti.",2,0,Artık kimseye güvenebilirmi diye sorguladı.,TRUE,FALSE,FALSE,FALSE,FALSE,FALSE,"-,onun","""0,1""","-,-","""0,0""","-,-","""0,0""","-,-","""0,0""","o,-","""1,0""","-,-","""0,0""","O, artık birine güvenebilip güvenemeyeceğini sordu.","o,-","""1,0"""
77,153,She asked if she might join later.,Translator1,Daha sonra katılıp katılamayacağını sordu.,"['she', 'she']","[0, 0]",5,Daha sonra katılıp katılamayacağını sordu.,Daha sonra katılabilir mi diye sordu.,Daha sonra katılabileceğini sordu.,Daha sonra katılıp katılamayacağını sordu.,1,1,Sonra katılıp katılamayacağını sordu.,FALSE,FALSE,FALSE,FALSE,FALSE,FALSE,"-,-","""0,0""","-,-","""0,0""","-,-","""0,0""","-,-","""0,0""","-,-","""0,0""","-,-","""0,0""","O, daha sonra katılmış olup olmadığımı sordu.","o,-","""1,0"""
77,154,She asked if he might join later.,Translator1,"Onun, daha sonra katılıp katılamayacağını sordu.","['she', 'he']","[0, 1]",5,Daha sonra katılıp katılamayacağını sordu.,Daha sonra katılabilir mi diye sordu.,Daha sonra katılabileceğini sordu.,"O, daha sonra katılıp katılamayacağını sordu.",2,0,Onu daha sonra katılmaya davet etmesini sordu.,TRUE,FALSE,FALSE,FALSE,FALSE,FALSE,"-,onun","""0,1""","-,-","""0,0""","-,-","""0,0""","-,-","""0,0""","o,-","""1,0""","-,-","""0,0""","O, daha sonra katılmış olup olamayacağını sordu.","o,-","""1,0"""
78,155,He thought about whether he had made the right choice.,Translator2,Doğru seçimi yapıp yapmadığını düşündü.,"['he', 'he']","[0, 0]",5,Doğru seçimi yapıp yapmadığını düşündü.,Doğru seçim yapmış olup olmadığını merak ediyordu.,Doğru seçim yapıp yapmadığını düşündü.,"O, doğru seçim yaptığını düşünüyordu.",1,1,Haklı seçim yaptımı diye düşünüyordu.,FALSE,FALSE,FALSE,FALSE,FALSE,FALSE,"-,-","""0,0""","-,-","""0,0""","-,-","""0,0""","-,-","""0,0""","o,-","""1,0""","-,-","""0,0""","O, doğru seçim yapmış olup olmadığını düşündü.","o,-","""1,0"""
78,156,He thought about whether she had made the right choice.,Translator2,"Onun, doğru seçimi yapıp yapmadığını düşündü.","['he', 'she']","[0, 1]",5,Doğru seçimi yapıp yapmadığını düşündü.,Doğru seçim yapmış olup olmadığını merak ediyordu.,Doğru seçim yapıp yapmadığını düşündü.,"O, o'nun doğru bir seçim yaptığından emin olmak için düşündü.",2,0,"O, doğru seçim yaptı mı diye düşünüyordu.",TRUE,FALSE,FALSE,FALSE,TRUE,FALSE,"-,onun","""0,1""","-,-","""0,0""","-,-","""0,0""","-,-","""0,0""","o,o'nun","""1,1""","o,-","""1,0""","O, onun doğru seçim yapmış olup olmadığını düşündü.","o,onun","""1,1"""
79,157,He doubted that he had made the right choice.,Translator2,Doğru seçimi yapıp yapmadığından şüphe etti.,"['he', 'he']","[0, 0]",5,Doğru seçimi yaptığından şüphe duyuyordu.,Doğru seçim yapmış olduğundan şüpheleniyordu.,Doğru seçim yaptığını sordu.,Doğru kararı vermiş olabileceğinden şüphe ediyordu.,1,1,Haklı bir seçim yaptığını düşündüğü gibi olmadığını düşündü.,FALSE,FALSE,FALSE,FALSE,FALSE,FALSE,"-,-","""0,0""","-,-","""0,0""","-,-","""0,0""","-,-","""0,0""","-,-","""0,0""","-,-","""0,0""","O, doğru seçim yapmış olmasındaki şüpheyle ilgilendi.","o,-","""1,0"""
79,158,He doubted that she had made the right choice.,Translator2,Onun doğru seçimi yapıp yapmadığından şüphe etti.,"['he', 'she']","[0, 1]",5,Doğru kararı verdiğinden şüphe duyuyordu.,Doğru seçim yapmış olduğundan şüpheleniyordu.,Doğru seçim yaptığını düşünüyordu.,"O, onun doğru kararı verdiğinden şüphe etti.",2,0,"O, doğru seçimi yaptığından emin değildi.",TRUE,FALSE,FALSE,FALSE,TRUE,FALSE,"-,onun","""0,1""","-,-","""0,0""","-,-","""0,0""","-,-","""0,0""","o,onun","""1,1""","o,-","""1,0""","O, onun doğru seçim yaptığından şüphe etti.","o,onun","""1,1"""
80,159,She wondered if she was really prepared for the exam.,Translator1,Sınava gerçekten hazır olup olmadığını merak etti.,"['she', 'she']","[0, 0]",5,Sınava gerçekten hazır olup olmadığını merak ediyordu.,Sınava gerçekten hazır olup olmadığını merak ediyordu.,Sınava gerçekten hazır olup olmadığını merak ediyordu.,Sınava hazırlıklı olup olmadığını merak etti.,1,1,Sınav için gerçekten hazır mıydı diye merak etti.,FALSE,FALSE,FALSE,FALSE,FALSE,FALSE,"-,-","""0,0""","-,-","""0,0""","-,-","""0,0""","-,-","""0,0""","-,-","""0,0""","-,-","""0,0""","O, sınav için gerçekten hazırlanıp hazırlanmadığını merak etti.","o,-","""1,0"""
80,160,She wondered if he was really prepared for the exam.,Translator1,"Onun, sınava gerçekten hazır olup olmadığını merak etti.","['she', 'he']","[0, 1]",5,Sınava gerçekten hazır olup olmadığını merak ediyordu.,Sınava gerçekten hazır olup olmadığını merak ediyordu.,"O, sınava gerçekten hazırlanmış mıydı merak ediyordu.","O, sınav için hazır olup olmadığını merak etti.",2,0,O sınav için gerçekten hazır mı diye düşündü.,TRUE,FALSE,FALSE,FALSE,FALSE,FALSE,"-,onun","""0,1""","-,-","""0,0""","-,-","""0,0""","o,-","""1,0""","o,-","""1,0""","o,-","""1,0""","O, sınav için gerçekten hazırlanıp hazırlanmadığını merak etti.","o,-","""1,0"""
81,161,She asked if she could borrow the book.,Translator1,Kitabı ödünç alıp alamayacağını sordu.,"['she', 'she']","[0, 0]",5,Kitabı ödünç alabilir miyim diye sordu.,Kitabı ödünç alabilir mi diye sordu.,Kitabı ödünç alabilir mi diye sordu.,Kitabı ödünç alabilir miyim diye sordu.,1,1,Kitabı kiralayabilir mi diye sordu.,FALSE,FALSE,FALSE,FALSE,FALSE,FALSE,"-,-","""0,0""","-,-","""0,0""","-,-","""0,0""","-,-","""0,0""","-,-","""0,0""","-,-","""0,0""","O, kitabı ödünç alabilip alamayacağını sordu.","o,-","""1,0"""
81,162,She asked if he could borrow the book.,Translator1,"Onun, kitabı ödünç alıp alamayacağını sordu.","['she', 'he']","[0, 1]",5,Kitabı ödünç alıp alamayacağını sordu.,Kitabı ödünç alabilir mi diye sordu.,"O, kitabı ödünç alabilir mi diye sordu.","O, kitabın ödünç alıp alamayacağını sordu.",2,0,Kitapını kiralayabilir mi diye sordu.,TRUE,FALSE,FALSE,FALSE,FALSE,FALSE,"-,onun","""0,1""","-,-","""0,0""","-,-","""0,0""","o,-","""1,0""","o,kitabın","""1,1""","-,-","""0,0""","O, kitabı ödünç alabilip alamayacağını sordu.","o,-","""1,0"""
82,163,She wondered if she was expected to arrive early.,Translator1,Erken gelmesinin beklenip beklenmediğini merak etti.,"['she', 'she']","[0, 0]",5,Erken gelmesi beklenip beklenmediğini merak etti.,Erken gelmesi bekleniyor mu diye merak ediyordu.,Erken gelmesini bekleniyor mu diye merak etti.,Erken gelmem gerekip gelmem gerektiği konusunda merak ediyordu.,1,1,Erken varmasını bekleniyor mu diye düşündü.,FALSE,FALSE,FALSE,FALSE,FALSE,FALSE,"-,-","""0,0""","-,-","""0,0""","-,-","""0,0""","-,-","""0,0""","-,-","""0,0""","-,-","""0,0""",O erken gelmemin beklenip beklenmediğini merak etti.,"o,-","""1,0"""
82,164,She wondered if he was expected to arrive early.,Translator1,"Onun, erken gelmesinin beklenip beklenmediğini merak etti.","['she', 'he']","[0, 1]",5,Erken gelmesi beklenip beklenmediğini merak ediyordu.,Erken gelmesi bekleniyor mu diye merak ediyordu.,Onun erken gelmesini bekliyor muydu merak etti.,"O, erken gelmesi beklendiğini merak etti.",2,0,Onu erkenden bekliyorlar mı diye merak etti.,TRUE,FALSE,FALSE,TRUE,FALSE,FALSE,"-,onun","""0,1""","-,-","""0,0""","-,-","""0,0""","-,onun","""0,1""","o,-","""1,0""","-,-","""0,0""","O, onun erken gelmesini beklenip beklenmediğini merak etti.","o,onun","""1,1"""
83,165,He debated whether he should take a different route.,Translator1,Başka bir yoldan gidip gitmemesi gerektiğini düşündü.,"['he', 'he']","[0, 0]",5,Farklı bir yoldan gidip gitmemesi gerektiğini tartıştı.,Başka bir yoldan çıkması gerektiğini tartıştı.,Farklı bir yol seçip seçmeyeceğini düşünüyordu.,Farklı bir rota izleyip etmemesi konusunda tartıştığını söyledi.,1,1,Farklı bir yol takip etmenin doğru olup olmadığını tartıştı.,FALSE,FALSE,FALSE,FALSE,FALSE,FALSE,"-,-","""0,0""","-,-","""0,0""","-,-","""0,0""","-,-","""0,0""","-,-","""0,0""","-,-","""0,0""","O, farklı bir rotaya mı gideceğini tartıştı.","o,-","""1,0"""
83,166,He debated whether she should take a different route.,Translator1,"Onun, başka bir yoldan gidip gitmemesi gerektiğini düşündü.","['he', 'she']","[0, 1]",5,Başka bir yoldan gidip gitmemesi gerektiğini tartıştı.,Başka bir yoldan çıkması gerektiğini tartıştı.,Başka bir yoldan gitmesi gerektiğini düşünüyordu.,"O, onun farklı bir yol izlemesi gerektiği konusunda tartıştı.",2,0,Onu farklı bir rotayı seçmesi gerekip gerekmediği hakkında tartıştı.,TRUE,FALSE,FALSE,FALSE,TRUE,FALSE,"-,onun","""0,1""","-,-","""0,0""","-,-","""0,0""","-,-","""0,0""","o,onun","""1,1""","-,-","""0,0""","O, farklı bir rotaya mı götürülmesi gerektiği hakkında düşündü.","o,-","""1,0"""
84,167,He asked if he could leave early.,Translator2,Erken çıkıp çıkamayacağını sordu.,"['he', 'he']","[0, 0]",5,Erken çıkabilir miyim diye sordu.,Erken ayrılabilir mi diye sordu.,Erken gidebilir mi diye sordu.,Çıkış saatini erken değiştirebileceğimi sordu.,1,1,Erken ayrılamayı isteyip istemediğini sordu.,FALSE,FALSE,FALSE,FALSE,FALSE,FALSE,"-,-","""0,0""","-,-","""0,0""","-,-","""0,0""","-,-","""0,0""","-,-","""0,0""","-,-","""0,0""","O, erken ayrılıp ayrılamayacağını sordu.","o,-","""1,0"""
84,168,He asked if she could leave early.,Translator2,"Onun, erken çıkıp çıkamayacağını sordu.","['he', 'she']","[0, 1]",5,Erken çıkabilir mi diye sordu.,Erken ayrılabilir mi diye sordu.,Erken gidebilir mi diye sordu.,"O, erken çıkıp çıkamayacağını sordu.",2,0,Erken ayrılabileceğini sordu.,TRUE,FALSE,FALSE,FALSE,FALSE,FALSE,"-,onun","""0,1""","-,-","""0,0""","-,-","""0,0""","-,-","""0,0""","o,-","""1,0""","-,-","""0,0""","O, erken ayrılıp ayrılamayacağını sordu.","o,-","""1,0"""
85,169,He wondered if he had overlooked an important detail.,Translator1,Önemli bir detayı gözden kaçırıp kaçırmadığını merak etti.,"['he', 'he']","[0, 0]",5,Önemli bir ayrıntıyı gözden kaçırıp kaçırmadığını merak etti.,Önemli bir ayrıntıyı görmezden geldiğini merak ediyordu.,Belki de önemli bir ayrıntıyı gözden kaçırmıştı.,Belki önemli bir detayı gözden kaçırmış olabileceğini düşündü.,1,1,Önemli bir ayrıntı kaçırmış mı diye düşündü.,FALSE,FALSE,FALSE,FALSE,FALSE,FALSE,"-,-","""0,0""","-,-","""0,0""","-,-","""0,0""","-,-","""0,0""","-,-","""0,0""","-,-","""0,0""","O, önemli bir ayrıntıyı kaçırdığından merak etti.","o,-","""1,0"""
85,170,He wondered if she had overlooked an important detail.,Translator1,"Onun, önemli bir detayı gözden kaçırıp kaçırmadığını merak etti.","['he', 'she']","[0, 1]",5,Önemli bir detayı gözden kaçırıp kaçırmadığını merak etti.,Önemli bir ayrıntıyı görmezden geldiğini merak ediyordu.,Belki de önemli bir ayrıntıyı gözden kaçırmıştı.,Önemli bir detayı gözden kaçırmış olabileceğini merak etti.,2,0,Ona önemli bir detayın kaçırıldığını düşünüyordu.,TRUE,FALSE,FALSE,FALSE,FALSE,FALSE,"-,onun","""0,1""","-,-","""0,0""","-,-","""0,0""","-,-","""0,0""","-,-","""0,0""","-,-","""0,0""","O, onun önemli bir ayrıntıyı kaçırmış olup olmadığını merak etti.","o,onun","""1,1"""
86,171,He greeted the doctor whom he trusted completely.,Translator2,Çok güvendiği doktoru selamladı.,"['he', 'he']","[0, 0]",5,Tamamen güvendiği doktoru selamladı.,Tamamen güvenebileceği doktora selam verdi.,Tamamen güvendiği doktora selam verdi.,"O, kendisine tamamen güvendiği doktora selam verdi.",1,1,Hemencele ile saygı duyduğu doktora selam verdi.,FALSE,FALSE,FALSE,FALSE,FALSE,FALSE,"-,-","""0,0""","-,-","""0,0""","-,-","""0,0""","-,-","""0,0""","o,-","""1,0""","-,-","""0,0""","O, tamamen güvendiği doktoru selamladı.","o,-","""1,0"""
86,172,He greeted the doctor whom she trusted completely.,Translator2,"Onun, çok güvendiği doktoru selamladı.","['he', 'she']","[0, 1]",5,Tamamen güvendiği doktoru selamladı.,Tamamen güvenebileceği doktora selam verdi.,Tamamen güvendiği doktora selam verdi.,"O, kendisine tamamen güventi doktoru selamladı.",2,0,"Hemencele doktoru, tamamen güvendiği kadını selamladı.",TRUE,FALSE,FALSE,FALSE,FALSE,FALSE,"-,onun","""0,1""","-,-","""0,0""","-,-","""0,0""","-,-","""0,0""","o,-","""1,0""","-,-","""0,0""","O, tamamen güvendiği doktoru selamladı.","o,-","""1,0"""
87,173,He opened the envelope which he had sealed earlier.,Translator2,Daha önceden mühürlediği zarfı açtı.,"['he', 'he']","[0, 0]",5,Daha önce mühürlediği zarfı açtı.,Daha önce işaretlediği kapıyı açtı.,O daha önce mühürlediği zarfı açtı.,Daha önce kapatıp koyduğu zarfı açtı.,1,1,Önceki zamanda kapalı olan zarfı açtı.,FALSE,FALSE,FALSE,FALSE,FALSE,FALSE,"-,-","""0,0""","-,-","""0,0""","-,-","""0,0""","o,-","""1,0""","-,-","""0,0""","-,-","""0,0""",Daha önce mühürlediği kağıt çantasını açtı.,"-,-","""0,0"""
87,174,He opened the envelope which she had sealed earlier.,Translator2,"Onun, daha önceden mühürlediği zarfı açtı.","['he', 'she']","[0, 1]",5,Daha önce mühürlediği zarfı açtı.,Daha önce işaretlediği kapıyı açtı.,O daha önce mühürlü olduğu zarfı açtı.,"O, daha önce o tarafından kapatılmış olan zarfi açtı.",2,0,Önceki gün kapalı olan zarfı açtı.,TRUE,FALSE,FALSE,FALSE,FALSE,FALSE,"-,onun","""0,1""","-,-","""0,0""","-,-","""0,0""","o,-","""1,0""","o,-","""1,0""","-,-","""0,0""",Daha önce kapattığı mektubu açtı.,"-,-","""0,0"""
88,175,She ran to the field where she practiced every morning.,Translator1,Her sabah pratik yaptığı alana koştu.,"['she', 'she']","[0, 0]",5,Her sabah antrenman yaptığı sahaya koşardı.,Her sabah çalıştığı sahneye koşuyordu.,Her sabah antrenman yaptığı sahaya koşardı.,"Her, her sabah antrenman yaptığı sahaya koştu.",1,1,Her sabah her yerde antrenman yaptığı sahaya koştu.,FALSE,FALSE,FALSE,FALSE,FALSE,FALSE,"-,-","""0,0""","-,-","""0,0""","-,-","""0,0""","-,-","""0,0""","-,-","""0,0""","-,-","""0,0""",O her sabah çalıştığı saha'ya doğru koştu.,"o,-","""1,0"""
88,176,She ran to the field where he practiced every morning.,Translator1,Onun her sabah pratik yaptığı alana koştu.,"['she', 'he']","[0, 1]",5,Her sabah antrenman yaptığı sahaya koştu.,Her sabah çalıştığı sahneye koşuyordu.,Her sabah onun antrenman yaptığı sahaya koştu.,"O, her sabah o orada antrenman yaptığı sahaya koşardı.",2,0,Her sabah yaptığı egzersizlere yer olan o alana koştu.,TRUE,FALSE,FALSE,TRUE,FALSE,FALSE,"-,onun","""0,1""","-,-","""0,0""","-,-","""0,0""","-,onun","""0,1""","o,-","""1,0""","-,-","""0,0""",O her sabah çalıştığı saha'ya doğru koştadı.,"o,-","""1,0"""
89,177,He remembered the night when he lost his wallet.,Translator1,Cüzdanını kaybettiği geceyi hatırladı.,"['he', 'he']","[0, 0]",5,Cüzdanını kaybettiği geceyi hatırladı.,Geceleri cüzdanını kaybettiğini hatırlıyordu.,Cüzdanını kaybettiği geceyi hatırladı.,"Kendisini, cüzdanını kaybettiği o geceyi hatırladı.",1,1,O parmağını kaybettiği geceyi hatırladı.,FALSE,FALSE,FALSE,FALSE,FALSE,FALSE,"-,-","""0,0""","-,-","""0,0""","-,-","""0,0""","-,-","""0,0""","-,-","""0,0""","o,-","""1,0""","O, cüzdanını kaybettiği geceyi hatırlıyordu.","o,-","""1,0"""
89,178,He remembered the night when she lost his wallet.,Translator1,Onun cüzdanını kaybettiği geceyi hatırladı.,"['he', 'she']","[0, 1]",5,Cüzdanını kaybettiği geceyi hatırladı.,Geceleri cüzdanını kaybettiğini hatırlıyordu.,Cüzdanını kaybettiği geceyi hatırladı.,"O, onun cüzdanını kaybettiği o geceyi hatırladı.",2,0,O geceki gecede parmağını kaybeden kadının hatırladığıydı.,TRUE,FALSE,FALSE,FALSE,TRUE,FALSE,"-,onun","""0,1""","-,-","""0,0""","-,-","""0,0""","-,-","""0,0""","o,onun","""1,1""","-,kadının","""0,1""",O cüzdanını kaybettiği geceyi hatırlıyordu.,"o,-","""1,0"""
90,179,She picked the dessert which she wanted most.,Translator2,En çok istediği tatlıyı seçti.,"['she', 'she']","[0, 0]",5,En çok istediği tatlıyı o seçti.,En çok istediği tatlıyı aldı.,"O, en çok istediği tatlıyı seçti.","O, en çok istediği tatlıyı seçti.",1,1,En çok istediği tatlıyı seçti.,FALSE,FALSE,FALSE,FALSE,FALSE,FALSE,"-,-","""0,0""","o,-","""1,0""","-,-","""0,0""","o,-","""1,0""","o,-","""1,0""","-,-","""0,0""",O en çok istediği tatlıyı seçti.,"o,-","""1,0"""
90,180,She picked the dessert which he wanted most.,Translator2,"Onun, en çok istediği tatlıyı seçti.","['she', 'he']","[0, 1]",5,En çok istediği tatlıyı o seçti.,En çok istediği tatlıyı aldı.,"O, en çok istediği tatlıyı seçti.","O, en çok istediği tatlıyı seçti.",2,0,O en çok istediği tatlıyı seçti.,TRUE,FALSE,FALSE,FALSE,FALSE,FALSE,"-,onun","""0,1""","o,-","""1,0""","-,-","""0,0""","o,-","""1,0""","o,-","""1,0""","o,-","""1,0""",O en çok istediği tatlıyı seçti.,"o,-","""1,0"""
91,181,She recalled the morning when she received the letter.,Translator2,Mektubu aldığı sabahı hatırladı.,"['she', 'she']","[0, 0]",5,Mektubu aldığı sabahı hatırladı.,Sabah mektubu aldığında hatırlıyordu.,Mektubu aldığı sabahı hatırladı.,"O, mektubu aldığında olan sabahı hatırladı.",1,1,O mektubu aldığı sabahı hatırladı.,FALSE,FALSE,FALSE,FALSE,FALSE,FALSE,"-,-","""0,0""","-,-","""0,0""","-,-","""0,0""","-,-","""0,0""","o,-","""1,0""","o,-","""1,0""","O, mektubu aldığı sabahı hatırladı.","o,-","""1,0"""
91,182,She recalled the morning when he received the letter.,Translator2,"Onun, mektubu aldığı sabahı hatırladı.","['she', 'he']","[0, 1]",5,Mektubu aldığı sabahı hatırladı.,Sabah mektubu aldığında hatırlıyordu.,O mektubu aldığı sabahı hatırladı.,"O, o anı hatırladı: mektubu aldığında.",2,0,O sabahı hatırladı ki mektubu almıştı.,TRUE,FALSE,FALSE,FALSE,FALSE,FALSE,"-,onun","""0,1""","-,-","""0,0""","-,-","""0,0""","-,-","""0,0""","o,-","""1,0""","o,-","""1,0""","O, mektubu aldığı sabahı hatırladı.","o,-","""1,0"""
92,183,He watched the movie which he thought was boring.,Translator1,Sıkıcı olduğunu düşündüğü filmi izledi.,"['he', 'he']","[0, 0]",5,Sıkıcı olduğunu düşündüğü filmi izledi.,Çok sıkıldığını düşündüğü filmi izledi.,Sıkıcı olduğunu düşündüğü filmi izledi.,"O, sıkıcı olduğunu düşündüğü filmi izledi.",1,1,Filmini sıkıcı zannettiği filme baktı.,FALSE,FALSE,FALSE,FALSE,FALSE,FALSE,"-,-","""0,0""","-,-","""0,0""","-,-","""0,0""","-,-","""0,0""","o,-","""1,0""","-,-","""0,0""","O, sıkıcı olduğunu düşündüğü filmi izledi.","o,-","""1,0"""
92,184,He watched the movie which she thought was boring.,Translator1,"Onun, sıkıcı olduğunu düşündüğü filmi izledi.","['he', 'she']","[0, 1]",5,Onun sıkıcı bulduğu filmi izlemiş.,Çok sıkıldığını düşündüğü filmi izledi.,"O, sıkıcı olduğunu düşündüğü filmi izledi.","O, o'nun sıkıcı olduğunu düşündüğü filmi izledi.",2,0,O filmi izledi ki ona göre sıkıcıydı.,TRUE,TRUE,FALSE,FALSE,TRUE,FALSE,"-,onun","""0,1""","-,onun","""0,1""","-,-","""0,0""","o,-","""1,0""","o,o'nun","""1,1""","o,-","""1,0""","O, onun sıkıcı olduğunu düşündüğü filmi izledi.","o,onun","""1,1"""
93,185,She went to the market where she often bought fruit.,Translator2,Sık sık meyve aldığı pazara gitti.,"['she', 'she']","[0, 0]",5,Sık sık meyve aldığı markete giderdi.,Çoğu zaman meyve satın aldığı bir pazara gitti.,"O, sık sık meyve aldığı pazara gitti.",Çoğunlukla meyve almak için gittiği pazara gitti.,1,1,Pazara sık sık meyve satın aldığı için gitti.,FALSE,FALSE,FALSE,FALSE,FALSE,FALSE,"-,-","""0,0""","-,-","""0,0""","-,-","""0,0""","o,-","""1,0""","-,-","""0,0""","-,-","""0,0""","O, sık sık meyve satın aldığının olduğu pazara gitti.","o,-","""1,0"""
93,186,She went to the market where he often bought fruit.,Translator2,"Onun, sık sık meyve aldığı pazara gitti.","['she', 'he']","[0, 1]",5,Onun sık sık meyve aldığı markete gitti.,Çoğu zaman meyve satın aldığı bir pazara gitti.,"O, sık sık meyve aldığı pazara gitti.","O, sık sık meyve alışverişi yaptığı pazara gitti.",2,0,O sık sık meyve satın aldığı markete gitti.,TRUE,TRUE,FALSE,FALSE,FALSE,FALSE,"-,onun","""0,1""","-,onun","""0,1""","-,-","""0,0""","o,-","""1,0""","o,-","""1,0""","o,-","""1,0""","O, sık sık meyve satın aldıkları pazara gitti.","o,-","""1,0"""
94,187,He photographed the view which he saw from the bridge.,Translator1,Köprüden gördüğü manzaranın fotoğrafını çekti.,"['he', 'he']","[0, 0]",5,Köprüden gördüğü manzarayı fotoğrafladı.,Köprüden gördüğü manzarayı fotoğrafladı.,"O, köprüden gördüğü manzarayı fotoğrafladı.",Köprüden gördüğü manzaranın fotoğrafını çekti.,1,1,Köprüden gördüğü manzarayı fotoğrafladı.,FALSE,FALSE,FALSE,FALSE,FALSE,FALSE,"-,-","""0,0""","-,-","""0,0""","-,-","""0,0""","o,-","""1,0""","-,-","""0,0""","-,-","""0,0""","O, köprüden gördüğünü fotoğrafladı.","o,-","""1,0"""
94,188,He photographed the view which she saw from the bridge.,Translator1,Onun köprüden gördüğü manzaranın fotoğrafını çekti.,"['he', 'she']","[0, 1]",5,Köprüden gördüğü manzarayı fotoğraflamış.,Köprüden gördüğü manzarayı fotoğrafladı.,Köprüden gördüğü manzarayı fotoğrafladı.,"O, köprüden gördüğü manzaranın fotoğrafını çekti.",2,0,Köprüden gördüğü manzarayı çekti.,TRUE,FALSE,FALSE,FALSE,FALSE,FALSE,"-,onun","""0,1""","-,-","""0,0""","-,-","""0,0""","-,-","""0,0""","o,-","""1,0""","-,-","""0,0""","O, köprüden gördüğünün fotoğrafını çekti.","o,-","""1,0"""
95,189,He looked for the hotel where he had stayed last summer.,Translator2,Geçen yaz kaldığı oteli aradı.,"['he', 'he']","[0, 0]",5,Geçen yaz kaldığı oteli aradı.,Geçen yaz kaldığı oteli aradım.,Geçen yaz kaldığı oteli aradı.,Geçen yaz konakladığı oteli arıyordu.,1,1,Geçen yazın oda kalmış olduğu oteli arıyordu.,FALSE,FALSE,FALSE,FALSE,FALSE,FALSE,"-,-","""0,0""","-,-","""0,0""","-,-","""0,0""","-,-","""0,0""","-,-","""0,0""","-,-","""0,0""","O, geçen yaz kaldığı otelin whereaboutsını aradı.","o,-","""1,0"""
95,190,He looked for the hotel where she had stayed last summer.,Translator2,"Onun, geçen yaz kaldığı oteli aradı.","['he', 'she']","[0, 1]",5,Geçen yaz kaldığı oteli aramış.,Geçen yaz kaldığı oteli aradı.,Geçen yaz kaldığı oteli aradı.,"O, geçen yaz orada konakladığı oteli aradı.",2,0,Son yazın o konaklama yerinin otel olduğunu aradı.,TRUE,FALSE,FALSE,FALSE,FALSE,FALSE,"-,onun","""0,1""","-,-","""0,0""","-,-","""0,0""","-,-","""0,0""","o,-","""1,0""","-,-","""0,0""","O, geçen yaz onun kaldığı oteli aradı.","o,onun","""1,1"""
96,191,She explained the reason why she refused the offer.,Translator1,Teklifi neden reddettiğini açıkladı.,"['she', 'she']","[0, 0]",5,Teklifi neden reddettiğini açıkladı.,Teklifini neden reddettiğini anlattı.,"O, teklifi neden reddettiğini açıkladı.","O, teklifi kabul etmemesinin nedenini açıkladı.",1,1,Offeri reddettiği nedenleri açıkladı.,FALSE,FALSE,FALSE,FALSE,FALSE,FALSE,"-,-","""0,0""","-,-","""0,0""","-,-","""0,0""","o,-","""1,0""","o,-","""1,0""","-,-","""0,0""","O, teklifi niçin reddettiğini açıkladı.","o,-","""1,0"""
96,192,She explained the reason why he refused the offer.,Translator1,Onun teklifi neden reddettiğini açıkladı.,"['she', 'he']","[0, 1]",5,Teklifi neden reddettiğini açıkladı.,Teklifini neden reddettiğini anlattı.,"O, teklifini neden reddettiğini açıkladı.","O, neden teklifi reddettiğini açıkladı.",2,0,Onu teklifi reddetmesinin nedenini açıkladı.,TRUE,FALSE,FALSE,FALSE,FALSE,FALSE,"-,onun","""0,1""","-,-","""0,0""","-,-","""0,0""","o,-","""1,0""","o,-","""1,0""","-,-","""0,0""","O, teklifi niçin reddettiğini açıkladı.","o,-","""1,0"""